,mahalle,fiyat,brut_alan_m2,net_alan_m2,oda_sayisi,bina_yas,dairenin_bulundugu_kat,bina_kat_sayisi,isitma_turu,banyo_sayisi,balkon,asansor,otopark,esya_durumu,site_icinde,aidat,depozito,sahibi
1,Bayındır Mh.,15000.0,90.0,80.0,2+1,21-25 arası,Giriş Katı,4.0,Klima,1.0,0,0,Açık Otopark,1,0,100,15000,0
2,Çaybaşı Mh.,29000.0,145.0,135.0,3+1,0,1,5.0,Kombi (Doğalgaz),1.0,1,1,Kapalı Otopark,0,1,1500,30000,0
3,Güzeloba Mh.,24750.0,145.0,130.0,3+1,11-15 arası,3,4.0,Klima,1.0,1,0,Açık Otopark,0,0,500,25000,1
4,Şirinyalı Mh.,30000.0,230.0,200.0,3+1,5-10 arası,2,3.0,Doğalgaz Sobası,2.0,0,0,Açık Otopark,1,0,0,30000,0
5,Çağlayan Mh.,37500.0,320.0,300.0,4+2,16-20 arası,8,8.0,Klima,3.0,1,1,Açık Otopark,0,1,0,37500,0
6,Kızılsaray Mh.,25000.0,140.0,130.0,3+1,26-30 arası,Giriş Altı Kot 2,10.0,Klima,1.0,1,1,Yok,1,0,0,50000,1
7,Zerdalilik Mah.,13000.0,120.0,115.0,3+1,31 ve üzeri,1,3.0,Klima,1.0,1,0,Açık Otopark,0,0,100,13000,0
8,Kızılarık Mh.,14000.0,100.0,90.0,2+1,5-10 arası,3,4.0,Klima,1.0,1,1,Açık Otopark,0,0,0,0,0
9,Meydankavağı Mh.,25000.0,155.0,145.0,3+1,11-15 arası,6,9.0,Kombi (Doğalgaz),1.0,1,1,Açık Otopark,0,1,0,25000,0
10,Yenigün Mh.,11500.0,85.0,80.0,2+1,21-25 arası,4,4.0,Klima,1.0,1,0,Yok,0,0,0,22000,0
11,Meltem Mah.,24000.0,130.0,120.0,3+1,26-30 arası,1,8.0,Klima,1.0,1,1,Açık Otopark,1,1,0,44000,0
12,Elmalı Mh.,15800.0,40.0,35.0,1+1,31 ve üzeri,4,4.0,Yerden Isıtma,1.0,0,0,Yok,1,0,0,0,0
13,Güvenlik Mh.,11000.0,25.0,20.0,Stüdyo (1+0),1,1,5.0,Klima,1.0,0,0,Açık Otopark,1,0,0,10000,0
14,Gebizli Mah.,15000.0,70.0,60.0,1+1,5-10 arası,Giriş Katı,4.0,Klima,1.0,0,1,Açık Otopark,0,0,0,0,0
15,Muratpaşa Mh.,12500.0,100.0,95.0,2+1,21-25 arası,4,4.0,Klima,1.0,1,0,Yok,0,0,0,0,0
16,Çağlayan Mh.,13000.0,70.0,60.0,1+1,11-15 arası,Giriş Katı,11.0,Yok,1.0,0,1,Açık Otopark,0,1,1200,13000,0
17,Güzeloba Mh.,15000.0,75.0,70.0,1+1,21-25 arası,Yüksek Giriş,2.0,Klima,1.0,1,0,Açık Otopark,1,1,0,15000,0
18,Çağlayan Mh.,55000.0,245.0,225.0,4+1,5-10 arası,4,4.0,Kombi (Doğalgaz),3.0,1,1,Açık & Kapalı Otopark,0,1,2000,60000,0
19,Güzeloba Mh.,17000.0,65.0,60.0,1+1,5-10 arası,Yüksek Giriş,2.0,Kombi (Elektrik),1.0,1,0,Açık Otopark,1,0,0,30000,0
20,Güzeloba Mh.,29000.0,170.0,160.0,3+1,5-10 arası,2,2.0,Klima,2.0,1,0,Açık Otopark,1,0,0,0,0
21,Çağlayan Mh.,18000.0,60.0,55.0,1+1,11-15 arası,Giriş Katı,4.0,Klima,1.0,1,1,Açık Otopark,0,0,0,18000,0
22,Etiler Mah.,13500.0,120.0,110.0,3+1,21-25 arası,Giriş Katı,3.0,Yok,1.0,1,0,Açık Otopark,0,0,50,20000,0
23,Fener Mah.,40000.0,200.0,190.0,3+1,16-20 arası,1,11.0,Klima,1.0,1,1,Açık Otopark,0,0,0,40000,0
25,Güzeloba Mh.,40000.0,210.0,180.0,4+1,5-10 arası,2,3.0,Klima,2.0,1,0,Açık Otopark,1,0,50,50000,0
26,Şirinyalı Mh.,25000.0,165.0,150.0,3+1,21-25 arası,3,4.0,Kombi (Doğalgaz),2.0,1,1,Açık Otopark,1,0,0,50000,0
27,Yüksekalan Mh.,16000.0,105.0,95.0,2+1,11-15 arası,4,5.0,Klima,2.0,1,1,Açık Otopark,0,0,100,16000,0
28,Güzeloba Mh.,45000.0,160.0,150.0,3+1,11-15 arası,Giriş Katı,4.0,Klima,1.0,1,0,Açık Otopark,0,1,0,80000,0
29,Çağlayan Mh.,55000.0,120.0,110.0,2+1,5-10 arası,7,10.0,Kombi (Doğalgaz),2.0,1,1,Açık & Kapalı Otopark,0,1,2910,50000,1
30,Güzeloba Mh.,15000.0,90.0,80.0,2+1,16-20 arası,2,3.0,Klima,1.0,1,1,Açık Otopark,1,0,100,15000,0
31,Meydankavağı Mh.,16500.0,150.0,140.0,3+1,16-20 arası,1,8.0,Klima,1.0,1,1,Açık Otopark,0,0,0,16500,0
32,Elmalı Mh.,25000.0,150.0,140.0,3+1,31 ve üzeri,4,7.0,Klima,1.0,1,1,Yok,0,1,500,25000,0
33,Varlık Mh.,15000.0,135.0,125.0,3+1,21-25 arası,1,5.0,Klima,1.0,1,0,Açık Otopark,1,0,0,0,0
34,Fener Mah.,19000.0,50.0,45.0,1+1,16-20 arası,3,15.0,Klima,1.0,0,1,Açık Otopark,1,0,750,19000,0
35,Konuksever Mah.,15000.0,100.0,90.0,2+1,16-20 arası,3,3.0,Yok,1.0,1,0,Açık Otopark,0,0,100,15000,1
37,Doğuyaka Mh.,20000.0,100.0,85.0,2+1,5-10 arası,1,5.0,Kombi (Doğalgaz),1.0,1,1,Açık Otopark,1,0,300,30000,1
39,Fener Mah.,70000.0,210.0,190.0,3+1,21-25 arası,11,13.0,Kombi (Doğalgaz),1.0,1,1,Açık & Kapalı Otopark,0,1,70000,0,0
40,Bayındır Mh.,18000.0,145.0,130.0,3+1,21-25 arası,2,4.0,Klima,1.0,1,0,Açık Otopark,1,0,70,20000,0
41,Haşimişcan Mh.,24000.0,135.0,125.0,3+1,21-25 arası,6,7.0,Yok,2.0,1,1,Yok,0,0,0,27000,0
42,Yüksekalan Mh.,23000.0,120.0,110.0,2+1,4,3,4.0,Kombi (Doğalgaz),2.0,1,1,Açık Otopark,1,0,0,23000,0
43,Gençlik Mh.,26000.0,145.0,120.0,3+1,26-30 arası,5,7.0,Klima,1.0,1,1,Yok,1,0,165,50000,0
45,Şirinyalı Mh.,30000.0,170.0,160.0,2+1,16-20 arası,Yüksek Giriş,6.0,Klima,2.0,1,1,Yok,1,0,0,0,0
46,Çaybaşı Mh.,16000.0,85.0,70.0,2+1,11-15 arası,1,5.0,Klima,1.0,0,1,Yok,0,0,300,16000,0
47,Güzeloba Mh.,30000.0,90.0,85.0,2+1,5-10 arası,1,2.0,Klima,2.0,1,0,Açık Otopark,1,1,1200,30000,0
48,Yüksekalan Mh.,21000.0,100.0,90.0,2+1,26-30 arası,4,7.0,Klima,1.0,1,1,Yok,0,0,250,25000,0
50,Güzeloba Mh.,21000.0,55.0,50.0,1+1,3,2,2.0,Klima,1.0,0,1,Kapalı Otopark,1,1,1000,35000,0
51,Elmalı Mh.,15000.0,60.0,50.0,1+1,31 ve üzeri,1,7.0,Klima,1.0,0,1,Yok,1,0,250,0,0
52,Kızılarık Mh.,18500.0,130.0,120.0,3+1,5-10 arası,2,4.0,Klima,1.0,1,1,Açık Otopark,0,0,0,18500,0
53,Güzeloba Mh.,13500.0,55.0,50.0,1+1,5-10 arası,Yüksek Giriş,2.0,Klima,1.0,1,0,Açık Otopark,1,0,200,25000,0
54,Fener Mah.,21000.0,70.0,60.0,1+1,5-10 arası,Bahçe Katı,2.0,Klima,1.0,0,0,Yok,1,0,0,21000,0
55,Yeşilbahçe Mh.,95000.0,195.0,185.0,3+1,11-15 arası,10,10.0,Kombi (Doğalgaz),2.0,1,1,Açık Otopark,1,1,0,95000,0
56,Bayındır Mh.,24500.0,100.0,95.0,2+1,4,1,4.0,Kombi (Doğalgaz),1.0,1,1,Açık Otopark,1,0,0,0,1
57,Fener Mah.,48000.0,185.0,175.0,3+1,26-30 arası,9,10.0,Kombi (Doğalgaz),1.0,1,1,Açık Otopark,0,0,300,48000,0
58,Güzeloba Mh.,35000.0,95.0,90.0,2+1,2,2,2.0,Klima,1.0,1,0,Kapalı Otopark,0,1,1000,50000,0
59,Sedir Mah.,22000.0,105.0,90.0,2+1,0,3,4.0,Kombi (Doğalgaz),1.0,1,1,Açık Otopark,0,0,350,44000,0
60,Yeşilbahçe Mh.,15000.0,75.0,60.0,1+1,11-15 arası,Yüksek Giriş,4.0,Klima,1.0,1,0,Açık Otopark,1,1,200,25000,0
61,Sinan Mah.,20000.0,110.0,100.0,2+1,4,3,4.0,Klima,2.0,1,0,Yok,1,0,0,30000,0
62,Çağlayan Mh.,20000.0,160.0,130.0,3+1,21-25 arası,3,6.0,Klima,2.0,1,1,Açık Otopark,0,0,0,0,0
63,Fener Mah.,27000.0,230.0,220.0,3+1,21-25 arası,2,8.0,Kombi (Doğalgaz),1.0,1,1,Açık Otopark,0,0,300,0,0
64,Etiler Mah.,15000.0,110.0,100.0,2+1,16-20 arası,3,3.0,Klima,1.0,1,0,Açık Otopark,1,0,150,15000,0
65,Deniz Mah.,15000.0,100.0,85.0,2+1,31 ve üzeri,1,4.0,Klima,1.0,1,0,Yok,0,0,0,15000,0
66,Deniz Mah.,25000.0,152.0,140.0,3+1,26-30 arası,6,7.0,Kombi (Doğalgaz),1.0,1,1,Yok,0,0,0,0,0
67,Kızılarık Mh.,13000.0,100.0,90.0,2+1,5-10 arası,3,4.0,Soba,1.0,1,1,Yok,0,0,0,0,0
68,Gençlik Mh.,42500.0,105.0,95.0,2+1,5-10 arası,2,6.0,Kombi (Doğalgaz),2.0,1,1,Açık Otopark,0,0,1500,35000,0
69,Çaybaşı Mh.,21500.0,100.0,90.0,2+1,5-10 arası,Bahçe Katı,5.0,Klima,1.0,1,0,Açık Otopark,0,0,150,21500,1
70,Etiler Mah.,13500.0,145.0,140.0,3+1,21-25 arası,Giriş Katı,3.0,Klima,1.0,1,0,Açık Otopark,0,0,0,20000,0
71,Çağlayan Mh.,15000.0,80.0,65.0,1+1,16-20 arası,4,4.0,Klima,1.0,1,1,Açık Otopark,1,0,100,15000,0
73,Güzeloba Mh.,25000.0,110.0,100.0,2+1,0,2,2.0,Kombi (Doğalgaz),2.0,1,0,Yok,1,0,1000,25000,0
74,Güzeloba Mh.,20000.0,105.0,90.0,2+1,21-25 arası,Villa Tipi,2.0,Klima,1.0,1,0,Açık Otopark,1,0,0,20000,0
75,Güzeloba Mh.,19000.0,65.0,60.0,1+1,11-15 arası,Yüksek Giriş,6.0,Kombi (Doğalgaz),1.0,1,1,Açık Otopark,1,1,1000,19000,0
76,Çağlayan Mh.,20000.0,70.0,60.0,1+1,4,3,3.0,Klima,1.0,1,1,Açık Otopark,1,0,0,20000,0
77,Fener Mah.,80000.0,210.0,190.0,3+1,21-25 arası,11,13.0,Kombi (Doğalgaz),1.0,1,1,Açık & Kapalı Otopark,1,1,0,160000,0
78,Meydankavağı Mh.,25000.0,110.0,90.0,2+1,4,1,4.0,Klima,1.0,1,1,Açık Otopark,1,0,0,25000,0
79,Çağlayan Mh.,15000.0,45.0,40.0,1+1,5-10 arası,Yüksek Giriş,4.0,Klima,1.0,1,1,Açık Otopark,0,0,400,20000,0
81,Fener Mah.,28000.0,180.0,160.0,3+1,16-20 arası,13,14.0,Klima,2.0,1,1,Açık Otopark,0,0,700,30000,0
82,Güzeloba Mh.,13000.0,80.0,70.0,2+1,16-20 arası,Yüksek Giriş,2.0,Yok,1.0,1,0,Açık Otopark,0,1,50,13000,0
83,Altındağ Mh.,14000.0,130.0,94.0,3+1,31 ve üzeri,7,7.0,Klima,1.0,1,1,Açık Otopark,0,0,150,14000,0
84,Şirinyalı Mh.,75000.0,200.0,180.0,4+1,16-20 arası,5,12.0,Kombi (Doğalgaz),2.0,1,1,Açık & Kapalı Otopark,0,1,0,0,0
85,Muratpaşa Mh.,13000.0,135.0,125.0,2+1,21-25 arası,3,4.0,Klima,1.0,1,0,Açık Otopark,0,0,0,14000,0
86,Güzeloba Mh.,15000.0,85.0,75.0,1+1,16-20 arası,Bahçe Katı,2.0,Kombi (Doğalgaz),1.0,1,0,Açık Otopark,1,1,1000,20000,0
87,Çağlayan Mh.,35000.0,190.0,175.0,3+1,5-10 arası,3,9.0,Kombi (Doğalgaz),2.0,1,1,Açık Otopark,0,1,1000,70000,0
88,Güvenlik Mh.,16000.0,90.0,75.0,2+1,5-10 arası,2,3.0,Yok,1.0,1,1,Açık Otopark,0,0,0,16000,0
89,Şirinyalı Mh.,30000.0,210.0,190.0,5+1,16-20 arası,12,13.0,Yok,2.0,1,1,Açık Otopark,0,0,900,0,0
90,Gebizli Mah.,18500.0,100.0,85.0,2+1,11-15 arası,4,6.0,Klima,1.0,1,1,Açık Otopark,1,1,0,18500,0
91,Fener Mah.,25000.0,115.0,110.0,3+1,11-15 arası,11,13.0,Klima,1.0,1,1,Açık Otopark,1,1,0,25000,0
92,Güzeloba Mh.,17000.0,105.0,90.0,2+1,11-15 arası,1,2.0,Yok,2.0,1,0,Yok,0,0,0,17000,0
93,Elmalı Mh.,12500.0,50.0,40.0,1+1,26-30 arası,3,4.0,Klima,1.0,1,1,Yok,1,0,70,12500,0
94,Güzeloba Mh.,47000.0,160.0,145.0,3+1,11-15 arası,8,10.0,Kombi (Doğalgaz),2.0,1,1,Açık Otopark,1,1,0,47000,0
95,Güzeloba Mh.,14000.0,60.0,50.0,1+1,11-15 arası,Bahçe Katı,2.0,Klima,1.0,1,0,Yok,1,0,150,20000,0
96,Varlık Mh.,25000.0,110.0,105.0,3+1,3,3,6.0,Kombi (Doğalgaz),1.0,1,1,Açık Otopark,1,1,0,0,0
97,Çağlayan Mh.,30000.0,200.0,160.0,4+1,16-20 arası,6,6.0,Klima,2.0,1,1,Açık Otopark,1,1,0,0,0
98,Güzeloba Mh.,14000.0,55.0,45.0,1+1,2,1,2.0,Klima,1.0,1,0,Yok,0,0,0,0,0
99,Güzeloba Mh.,18000.0,55.0,50.0,1+1,5-10 arası,Yüksek Giriş,2.0,Klima,1.0,1,0,Açık Otopark,1,0,0,18500,0
100,Dutlubahçe Mh.,13500.0,85.0,80.0,2+1,5-10 arası,Yüksek Giriş,4.0,Klima,1.0,1,1,Açık Otopark,0,0,0,13500,1
101,Bahçelievler Mh.,50000.0,250.0,200.0,3+1,16-20 arası,7,8.0,Klima,2.0,1,1,Açık Otopark,0,0,0,0,0
102,Güzeloba Mh.,31000.0,55.0,45.0,1+1,0,6,8.0,Klima,1.0,0,1,Kapalı Otopark,1,0,0,32500,0
103,Sedir Mah.,16000.0,140.0,130.0,3+1,21-25 arası,4,5.0,Klima,1.0,1,1,Açık Otopark,0,0,100,16000,0
104,Üçgen Mh.,13000.0,100.0,85.0,2+1,16-20 arası,2,5.0,Klima,1.0,1,0,Yok,0,0,0,13000,0
107,Fener Mah.,26000.0,90.0,85.0,2+1,11-15 arası,1,2.0,Kombi (Doğalgaz),1.0,1,0,Yok,1,0,0,50000,0
108,Çağlayan Mh.,28000.0,120.0,110.0,2+1,11-15 arası,3,7.0,Kombi (Doğalgaz),1.0,1,1,Açık Otopark,1,1,0,0,0
109,Fener Mah.,22000.0,90.0,80.0,2+1,16-20 arası,Bahçe Katı,3.0,Klima,1.0,1,0,Yok,1,0,0,0,0
110,Kızılsaray Mh.,13500.0,100.0,90.0,2+1,21-25 arası,Yüksek Giriş,3.0,Klima,1.0,1,1,Yok,0,0,0,15000,0
112,Şirinyalı Mh.,35000.0,250.0,240.0,4+1,21-25 arası,1,4.0,Klima,2.0,1,0,Yok,0,0,0,0,0
113,Kızılarık Mh.,13000.0,100.0,95.0,2+1,5-10 arası,2,5.0,Klima,1.0,1,1,Açık Otopark,0,0,0,13000,1
114,Fener Mah.,35000.0,95.0,85.0,2+1,4,3,3.0,Klima,1.0,1,0,Açık Otopark,1,0,500,35000,1
115,Güzeloba Mh.,15000.0,55.0,45.0,1+1,11-15 arası,1,3.0,Klima,1.0,1,0,Açık Otopark,1,1,250,13500,0
116,Mehmetçik Mh.,15750.0,130.0,125.0,3+1,11-15 arası,Giriş Katı,4.0,Klima,1.0,1,1,Açık Otopark,0,0,0,15750,1
117,Şirinyalı Mh.,25000.0,180.0,165.0,3+1,16-20 arası,3,4.0,Yok,1.0,1,1,Açık Otopark,0,0,300,0,0
118,Güzeloba Mh.,27000.0,95.0,85.0,2+1,5-10 arası,8,8.0,Klima,1.0,1,1,Açık Otopark,1,1,0,0,0
120,Meltem Mah.,50000.0,160.0,150.0,3+1,26-30 arası,4,8.0,Kombi (Doğalgaz),1.0,1,1,Açık Otopark,1,0,800,50000,0
121,Konuksever Mah.,12000.0,70.0,60.0,1+1,5-10 arası,Yüksek Giriş,4.0,Klima,1.0,1,0,Açık Otopark,0,0,0,0,0
122,Güzeloba Mh.,32000.0,120.0,95.0,2+1,2,Bahçe Katı,2.0,Klima,1.0,1,1,Açık Otopark,0,0,1500,30000,0
123,Haşimişcan Mh.,12500.0,60.0,55.0,1+1,26-30 arası,Bodrum Kat,4.0,Klima,1.0,0,0,Açık Otopark,0,0,0,12500,0
124,Güzeloba Mh.,25000.0,120.0,110.0,2+1,5-10 arası,2,2.0,Klima,2.0,1,0,Yok,1,0,200,25000,0
126,Güzeloba Mh.,15000.0,70.0,65.0,1+1,11-15 arası,Bahçe Katı,3.0,Klima,1.0,1,0,Açık Otopark,1,1,0,15500,0
127,Şirinyalı Mh.,21000.0,175.0,165.0,3+1,21-25 arası,3,4.0,Kombi (Doğalgaz),1.0,1,1,Açık Otopark,0,0,250,21000,0
128,Kışla Mh.,12000.0,135.0,125.0,2+1,21-25 arası,1,4.0,Klima,1.0,1,0,Açık Otopark,0,0,0,24000,0
129,Güzeloba Mh.,22000.0,200.0,190.0,4+2,16-20 arası,2,2.0,Klima,2.0,1,0,Açık Otopark,0,1,350,22000,0
131,Mehmetçik Mh.,20000.0,85.0,80.0,2+1,5-10 arası,3,5.0,Merkezi (Pay Ölçer),2.0,1,1,Açık & Kapalı Otopark,0,1,2000,0,0
132,Muratpaşa Mh.,12500.0,75.0,65.0,1+1,11-15 arası,3,5.0,Klima,1.0,0,1,Açık Otopark,0,0,0,12500,0
133,Fener Mah.,65000.0,280.0,250.0,4+1,21-25 arası,6,10.0,Klima,3.0,1,1,Açık & Kapalı Otopark,0,0,3500,65000,0
134,Güzelbağ Mh.,15000.0,85.0,80.0,2+1,16-20 arası,2,2.0,Klima,1.0,1,0,Yok,0,0,0,15000,0
135,Gebizli Mah.,17000.0,70.0,60.0,1+1,0,4,5.0,Klima,1.0,1,1,Kapalı Otopark,1,1,350,17000,0
136,Yeşilbahçe Mh.,26500.0,170.0,160.0,3+1,21-25 arası,3,4.0,Yok,1.0,1,0,Açık Otopark,0,0,250,25000,0
137,Kızılarık Mh.,20000.0,140.0,120.0,3+1,4,2,5.0,Klima,1.0,1,1,Açık & Kapalı Otopark,1,0,200,50000,1
138,Yeşilbahçe Mh.,20000.0,160.0,150.0,3+1,21-25 arası,5,7.0,Yok,1.0,1,1,Açık Otopark,0,1,250,20000,0
139,Güzeloba Mh.,18000.0,95.0,75.0,2+1,11-15 arası,Bahçe Katı,3.0,Klima,1.0,1,0,Yok,0,0,250,36000,0
140,Varlık Mh.,18000.0,110.0,100.0,2.5+1,21-25 arası,6,7.0,Klima,1.0,1,1,Açık Otopark,0,0,100,19000,0
141,Gençlik Mh.,30000.0,155.0,145.0,3+1,21-25 arası,3,4.0,Klima,1.0,1,0,Açık Otopark,1,1,0,0,0
142,Güzeloba Mh.,20000.0,65.0,55.0,1+1,2,1,2.0,Kombi (Doğalgaz),1.0,1,0,Açık Otopark,1,0,700,20000,0
143,Güvenlik Mh.,13500.0,60.0,50.0,1+1,0,Bodrum Kat,5.0,Klima,1.0,0,1,Açık Otopark,1,0,0,0,0
144,Yüksekalan Mh.,16000.0,165.0,150.0,3+1,31 ve üzeri,6,7.0,Klima,1.0,1,1,Yok,0,0,0,16000,0
145,Güzeloba Mh.,15000.0,65.0,60.0,1+1,5-10 arası,2,8.0,Klima,1.0,0,1,Açık Otopark,1,1,1000,15000,0
146,Şirinyalı Mh.,30000.0,160.0,150.0,2+1,11-15 arası,Yüksek Giriş,1.0,Klima,2.0,1,1,Açık Otopark,1,0,200,0,0
147,Çağlayan Mh.,22000.0,70.0,56.0,1+1,4,Yüksek Giriş,4.0,Kombi (Doğalgaz),1.0,1,1,Kapalı Otopark,1,0,400,0,0
148,Cumhuriyet Mah.,12000.0,155.0,140.0,3+1,21-25 arası,4,5.0,Klima,1.0,1,0,Açık Otopark,0,0,100,12000,0
149,Zerdalilik Mah.,16000.0,160.0,150.0,3+1,21-25 arası,2,4.0,Yok,1.0,1,0,Yok,0,0,0,16000,0
150,Üçgen Mh.,18000.0,95.0,90.0,2+1,5-10 arası,4,8.0,Yok,1.0,1,1,Yok,0,0,0,18000,1
151,Çağlayan Mh.,100000.0,400.0,350.0,5+1,16-20 arası,9,9.0,Kombi (Doğalgaz),3.0,1,1,Açık & Kapalı Otopark,0,0,2000,120000,0
152,Fener Mah.,26000.0,85.0,75.0,2+1,5-10 arası,1,2.0,Klima,1.0,1,0,Açık Otopark,1,0,100,30000,0
153,Güzeloba Mh.,11000.0,65.0,60.0,1+1,3,6,8.0,Klima,1.0,0,1,Açık Otopark,0,0,700,0,0
154,Kızıltoprak Mh.,12000.0,115.0,110.0,2+1,5-10 arası,Yüksek Giriş,3.0,Klima,1.0,1,1,Açık Otopark,1,0,150,12000,0
155,Yeşilbahçe Mh.,58000.0,180.0,165.0,3+1,16-20 arası,6,10.0,Kombi (Doğalgaz),1.0,1,1,Açık Otopark,1,1,0,115000,0
156,Güzeloba Mh.,17000.0,60.0,55.0,1+1,11-15 arası,Bahçe Katı,3.0,Klima,1.0,1,0,Yok,1,0,100,30000,1
157,Fener Mah.,17500.0,80.0,75.0,2+1,5-10 arası,Yüksek Giriş,2.0,Klima,1.0,1,0,Yok,1,0,100,15000,0
158,Şirinyalı Mh.,50000.0,235.0,200.0,4+1,16-20 arası,4,4.0,Kombi (Doğalgaz),2.0,1,1,Açık Otopark,0,0,300,100000,0
159,Güzeloluk Mh.,15250.0,120.0,110.0,3+1,21-25 arası,1,3.0,Yok,1.0,1,0,Açık Otopark,0,1,300,16250,0
160,Güzeloba Mh.,30000.0,85.0,70.0,2+1,4,1,1.0,Klima,1.0,1,0,Açık Otopark,1,1,1750,30000,0
162,Gençlik Mh.,27000.0,110.0,100.0,2+1,26-30 arası,1,7.0,Klima,1.0,1,0,Yok,1,0,0,0,0
163,Deniz Mah.,15000.0,50.0,40.0,1+1,1,Giriş Katı,5.0,Klima,1.0,0,1,Açık Otopark,1,0,0,20000,0
164,Etiler Mah.,13000.0,140.0,130.0,3+1,11-15 arası,Bahçe Katı,4.0,Klima,1.0,1,0,Açık Otopark,0,0,0,0,0
165,Güzeloba Mh.,18000.0,50.0,45.0,1+1,4,Giriş Katı,3.0,Yok,1.0,1,1,Açık Otopark,0,1,750,0,0
166,Güzeloba Mh.,15000.0,70.0,65.0,1+1,16-20 arası,Giriş Katı,3.0,Klima,1.0,1,0,Açık Otopark,1,1,10000,13000,0
167,Yüksekalan Mh.,19000.0,160.0,150.0,3+1,16-20 arası,2,2.0,Klima,1.0,1,0,Yok,1,0,0,25000,0
168,Güzeloba Mh.,19500.0,70.0,60.0,1+1,5-10 arası,Bahçe Katı,2.0,Klima,1.0,1,0,Açık Otopark,1,1,0,19500,0
169,Varlık Mh.,21000.0,135.0,120.0,3+1,26-30 arası,1,7.0,Klima,1.0,1,1,Açık Otopark,0,0,200,21000,0
170,Çaybaşı Mh.,17000.0,75.0,70.0,2+1,2,2,3.0,Yok,1.0,1,1,Açık Otopark,0,0,250,17000,0
171,Güzeloba Mh.,18000.0,70.0,60.0,1+1,5-10 arası,Bahçe Katı,2.0,Klima,1.0,1,1,Açık Otopark,1,1,750,18000,0
172,Güzeloba Mh.,22800.0,65.0,60.0,1+1,3,1,3.0,Klima,1.0,0,0,Yok,1,0,0,0,0
173,Yeşilbahçe Mh.,32000.0,140.0,135.0,3+1,16-20 arası,3,12.0,Klima,2.0,1,1,Açık Otopark,1,1,850,0,0
174,Varlık Mh.,14000.0,120.0,110.0,2+1,26-30 arası,5,5.0,Klima,1.0,1,0,Açık Otopark,0,0,0,0,0
175,Güzeloba Mh.,25000.0,110.0,100.0,2+1,31 ve üzeri,1,3.0,Klima,1.0,1,0,Yok,1,1,0,25000,0
176,Güvenlik Mh.,17000.0,145.0,135.0,3+1,16-20 arası,1,7.0,Klima,1.0,1,1,Açık Otopark,0,0,350,17000,0
177,Güzeloba Mh.,20000.0,60.0,40.0,1+1,4,2,3.0,Klima,1.0,1,1,Açık Otopark,1,0,400,40000,0
180,Kışla Mh.,15000.0,130.0,120.0,2+1,16-20 arası,3,4.0,Şömine,1.0,1,0,Yok,1,0,30,12000,0
181,Meydankavağı Mh.,21000.0,140.0,130.0,3+1,16-20 arası,Bahçe Katı,10.0,Klima,1.0,1,1,Açık Otopark,0,1,2000,20000,0
182,Güzeloba Mh.,17000.0,65.0,60.0,2+1,11-15 arası,Giriş Katı,5.0,Klima,1.0,1,1,Açık Otopark,1,0,150,34000,0
183,Haşimişcan Mh.,12500.0,135.0,125.0,3+1,26-30 arası,3,4.0,Yok,1.0,1,0,Yok,0,0,100,12500,0
184,Meydankavağı Mh.,22000.0,150.0,140.0,3+1,11-15 arası,2,4.0,Yok,1.0,1,1,Açık Otopark,0,1,250,0,0
185,Çağlayan Mh.,30000.0,160.0,140.0,3+1,11-15 arası,4,10.0,Kombi (Doğalgaz),1.0,1,1,Açık Otopark,1,1,400,60000,0
186,Güzelbağ Mh.,20000.0,90.0,75.0,2+1,11-15 arası,1,2.0,Kombi (Doğalgaz),1.0,1,0,Yok,0,0,200,20000,0
187,Şirinyalı Mh.,25000.0,168.0,160.0,3+1,21-25 arası,2,4.0,Kombi (Doğalgaz),1.0,1,0,Açık Otopark,0,0,50,25000,0
188,Şirinyalı Mh.,20000.0,110.0,100.0,2+1,16-20 arası,2,4.0,Yok,1.0,1,1,Açık Otopark,0,0,0,0,0
189,Bayındır Mh.,14500.0,70.0,60.0,1+1,5-10 arası,1,5.0,Klima,1.0,1,1,Açık Otopark,1,0,0,0,0
190,Güzeloba Mh.,28500.0,170.0,155.0,3+1,16-20 arası,5,6.0,Klima,1.0,1,1,Açık Otopark,1,0,800,30000,0
191,Yeşilbahçe Mh.,30000.0,150.0,140.0,3+1,16-20 arası,3,11.0,Klima,2.0,1,1,Açık Otopark,1,0,0,25000,0
192,Altındağ Mh.,17000.0,130.0,110.0,2+1,21-25 arası,1,8.0,Klima,1.0,1,1,Açık Otopark,0,0,200,18000,1
193,Haşimişcan Mh.,12000.0,60.0,55.0,1+1,26-30 arası,Bodrum Kat,4.0,Klima,1.0,0,0,Açık Otopark,0,0,0,12500,0
194,Meydankavağı Mh.,16500.0,150.0,140.0,3+1,16-20 arası,1,8.0,Klima,1.0,1,1,Açık Otopark,0,0,0,16500,1
196,Fener Mah.,25000.0,165.0,155.0,3+1,16-20 arası,7,8.0,Klima,1.0,1,1,Açık Otopark,1,1,300,25000,0
197,Kızılarık Mh.,12000.0,107.0,90.0,2+1,5-10 arası,2,4.0,Klima,1.0,1,1,Açık Otopark,0,0,0,12000,0
199,Yenigün Mh.,18000.0,100.0,85.0,2+1,11-15 arası,4,4.0,Kombi (Doğalgaz),1.0,1,0,Açık Otopark,1,0,0,0,0
200,Fener Mah.,26000.0,100.0,96.0,2+1,11-15 arası,1,3.0,Klima,1.0,1,0,Yok,1,0,0,0,0
201,Fener Mah.,22500.0,80.0,60.0,2+1,5-10 arası,Bahçe Katı,2.0,Kombi (Doğalgaz),1.0,1,0,Yok,0,1,0,50000,0
203,Kızılsaray Mh.,18000.0,60.0,50.0,1+1,16-20 arası,1,3.0,Klima,1.0,1,0,Yok,1,0,100,18000,0
204,Meltem Mah.,26000.0,140.0,130.0,3+1,21-25 arası,11,13.0,Klima,2.0,1,1,Yok,0,1,400,26000,0
205,Soğuksu Mh.,15000.0,125.0,110.0,3+1,21-25 arası,5,5.0,Klima,1.0,1,0,Açık Otopark,0,0,0,15000,0
206,Çağlayan Mh.,30000.0,150.0,135.0,3+1,16-20 arası,9,10.0,Klima,1.0,1,1,Açık Otopark,1,1,320,20000,0
208,Çağlayan Mh.,16000.0,55.0,50.0,1+1,11-15 arası,Bahçe Katı,4.0,Klima,1.0,1,1,Açık Otopark,0,1,1000,16000,0
209,Soğuksu Mh.,39000.0,300.0,270.0,5+1,11-15 arası,13,13.0,Kombi (Doğalgaz),2.0,1,1,Açık Otopark,1,1,400,0,0
210,Güzeloba Mh.,20000.0,160.0,155.0,3+1,5-10 arası,4,8.0,Klima,1.0,1,1,Açık Otopark,0,1,1000,20000,1
211,Fener Mah.,107000.0,230.0,200.0,4+1,11-15 arası,Yüksek Giriş,16.0,Kombi (Doğalgaz),3.0,1,1,Açık & Kapalı Otopark,0,1,2500,180000,1
212,Yeşilbahçe Mh.,35000.0,145.0,135.0,3+1,11-15 arası,5,8.0,Kombi (Doğalgaz),1.0,1,1,Açık Otopark,1,1,1550,70000,0
213,Güzeloba Mh.,45000.0,120.0,110.0,2+1,5-10 arası,1,2.0,Klima,2.0,0,1,Kapalı Otopark,1,1,1800,80000,1
214,Güzeloba Mh.,37000.0,95.0,85.0,2+1,4,3,6.0,Klima,2.0,1,1,Kapalı Otopark,1,1,1300,38000,0
215,Güzeloba Mh.,13000.0,60.0,50.0,1+1,5-10 arası,Yüksek Giriş,2.0,Klima,1.0,1,0,Açık Otopark,0,0,200,15000,0
216,Kızılarık Mh.,15000.0,135.0,120.0,3+1,4,1,5.0,Klima,1.0,0,1,Yok,0,0,0,15000,1
217,Güzeloba Mh.,30000.0,85.0,70.0,2+1,16-20 arası,Giriş Katı,1.0,Klima,1.0,0,1,Açık Otopark,1,1,1000,34000,1
218,Üçgen Mh.,17000.0,110.0,100.0,2+1,3,4,7.0,Yok,1.0,1,1,Açık & Kapalı Otopark,0,0,0,0,0
219,Fener Mah.,25000.0,90.0,75.0,2+1,21-25 arası,Bahçe Katı,15.0,Kat Kaloriferi,1.0,1,1,Kapalı Otopark,1,1,1250,25000,0
220,Dutlubahçe Mh.,15000.0,100.0,90.0,2+1,5-10 arası,Yüksek Giriş,4.0,Klima,1.0,1,1,Açık Otopark,1,1,400,15000,1
221,Yüksekalan Mh.,19000.0,75.0,65.0,2+1,1,Giriş Katı,3.0,Kombi (Doğalgaz),1.0,0,0,Kapalı Otopark,1,0,250,0,0
222,Çağlayan Mh.,27000.0,320.0,290.0,4+2,16-20 arası,6,6.0,Klima,3.0,1,1,Açık Otopark,0,1,0,30000,0
223,Cumhuriyet Mah.,11000.0,95.0,90.0,2+1,16-20 arası,Yüksek Giriş,4.0,Klima,1.0,1,0,Açık Otopark,0,0,100,22000,0
224,Meltem Mah.,32000.0,125.0,120.0,3+1,16-20 arası,1,6.0,Kombi (Doğalgaz),2.0,1,1,Açık Otopark,1,1,0,27000,0
225,Güzeloba Mh.,25000.0,150.0,130.0,3+1,11-15 arası,3,7.0,Kombi (Doğalgaz),2.0,1,1,Açık Otopark,0,0,600,25000,0
226,Çağlayan Mh.,22500.0,230.0,200.0,6+1,16-20 arası,Bahçe Katı,5.0,Klima,3.0,1,1,Açık & Kapalı Otopark,1,0,150,45000,0
227,Sinan Mah.,16500.0,55.0,45.0,1+1,0,4,5.0,Kombi (Doğalgaz),1.0,1,1,Açık Otopark,0,0,0,16500,0
228,Yeşilbahçe Mh.,28500.0,160.0,140.0,3+1,16-20 arası,1,4.0,Kombi (Doğalgaz),1.0,1,0,Açık Otopark,1,0,100,40000,0
229,Güzeloba Mh.,20000.0,150.0,125.0,3+1,16-20 arası,12,12.0,Klima,1.0,1,1,Açık & Kapalı Otopark,1,0,500,60000,0
230,Şirinyalı Mh.,25000.0,170.0,160.0,3+1,21-25 arası,3,4.0,Klima,1.0,1,0,Açık Otopark,0,0,200,25000,0
231,Güzeloba Mh.,20000.0,55.0,50.0,1+1,5-10 arası,Bahçe Katı,3.0,Kombi (Doğalgaz),1.0,1,1,Kapalı Otopark,1,0,0,18000,0
232,Gebizli Mah.,20000.0,149.0,130.0,3+1,4,4,6.0,Klima,2.0,1,1,Kapalı Otopark,0,1,2600,0,0
233,Cumhuriyet Mah.,14500.0,125.0,115.0,3+1,21-25 arası,4,4.0,Klima,1.0,1,0,Açık Otopark,0,0,50,5000,0
234,Fener Mah.,36000.0,270.0,240.0,6+1,21-25 arası,11,11.0,Klima,2.0,1,1,Açık Otopark,0,0,500,34000,0
235,Demircikara Mah.,28000.0,170.0,155.0,3+1,16-20 arası,6,9.0,Kombi (Doğalgaz),2.0,1,1,Açık Otopark,0,0,350,28000,0
236,Kızıltoprak Mh.,17000.0,90.0,85.0,2+1,5-10 arası,1,4.0,Yok,1.0,1,1,Açık Otopark,0,0,350,17250,0
237,Üçgen Mh.,15000.0,95.0,90.0,2+1,26-30 arası,6,6.0,Klima,1.0,1,1,Yok,0,0,0,15000,0
238,Doğuyaka Mh.,21000.0,140.0,130.0,3+1,5-10 arası,1,4.0,Kombi (Doğalgaz),2.0,1,1,Kapalı Otopark,0,0,300,21000,0
239,Meydankavağı Mh.,40000.0,220.0,200.0,3+1,5-10 arası,2,3.0,Kombi (Doğalgaz),2.0,1,1,Kapalı Otopark,0,1,1500,40000,0
240,Gençlik Mh.,25000.0,95.0,90.0,1+1,26-30 arası,1,3.0,Klima,1.0,1,0,Yok,1,0,0,0,0
241,Kızılarık Mh.,17500.0,145.0,140.0,3+1,11-15 arası,3,7.0,Yok,1.0,1,1,Açık Otopark,0,1,450,17500,0
242,Güzeloba Mh.,24000.0,105.0,100.0,2+1,21-25 arası,4,13.0,Kombi (Doğalgaz),1.0,1,0,Yok,0,1,0,0,0
243,Gebizli Mah.,12000.0,75.0,70.0,2+1,5-10 arası,Yüksek Giriş,4.0,Klima,1.0,1,1,Kapalı Otopark,0,1,0,30000,0
245,Bayındır Mh.,25000.0,140.0,130.0,3+1,16-20 arası,6,7.0,Kombi (Doğalgaz),1.0,1,1,Açık Otopark,1,0,200,25000,0
246,Yüksekalan Mh.,22000.0,140.0,135.0,3+1,26-30 arası,2,6.0,Klima,1.0,1,1,Açık Otopark,1,0,0,22000,0
247,Bayındır Mh.,25000.0,130.0,125.0,3+1,16-20 arası,2,4.0,Kombi (Doğalgaz),1.0,1,1,Açık Otopark,0,0,250,25000,0
248,Etiler Mah.,12750.0,90.0,85.0,2+1,5-10 arası,Giriş Katı,4.0,Klima,1.0,0,0,Açık Otopark,1,0,0,0,0
249,Konuksever Mah.,10750.0,95.0,85.0,2+1,11-15 arası,Yüksek Giriş,3.0,Klima,1.0,1,1,Açık Otopark,0,0,150,10750,0
250,Soğuksu Mh.,20000.0,145.0,140.0,3+1,16-20 arası,1,5.0,Klima,1.0,1,0,Açık Otopark,0,0,0,0,0
251,Sedir Mah.,13000.0,95.0,90.0,2+1,16-20 arası,3,4.0,Klima,1.0,1,0,Açık Otopark,0,0,0,13000,0
252,Meydankavağı Mh.,27000.0,150.0,135.0,3+1,11-15 arası,3,8.0,Kombi (Doğalgaz),2.0,1,1,Açık Otopark,0,1,1000,27000,0
253,Güzeloba Mh.,27000.0,115.0,100.0,2+1,11-15 arası,8,8.0,Klima,1.0,1,1,Açık Otopark,1,1,250,30000,0
254,Kızıltoprak Mh.,30000.0,90.0,75.0,1+1,0,Yüksek Giriş,6.0,Klima,1.0,1,1,Kapalı Otopark,1,0,1500,60000,0
255,Tahılpazarı Mh.,20000.0,80.0,70.0,2+1,26-30 arası,3,4.0,Yok,1.0,1,0,Açık Otopark,1,0,0,20000,1
256,Fener Mah.,13000.0,60.0,55.0,1+1,11-15 arası,Bahçe Katı,3.0,Klima,1.0,1,0,Yok,0,0,0,13000,0
257,Doğuyaka Mh.,23000.0,100.0,90.0,2+1,4,3,4.0,Klima,2.0,1,1,Açık Otopark,0,0,800,23000,0
258,Güzelbağ Mh.,20000.0,110.0,90.0,2+1,5-10 arası,Giriş Katı,3.0,Klima,1.0,1,0,Açık Otopark,1,0,75,0,1
259,Güzeloba Mh.,17500.0,55.0,50.0,1+1,1,Giriş Katı,2.0,Klima,1.0,1,0,Açık Otopark,1,1,0,0,0
260,Güzeloba Mh.,18000.0,65.0,60.0,1+1,5-10 arası,2,2.0,Klima,1.0,1,1,Açık Otopark,1,1,250,18000,0
261,Bayındır Mh.,15000.0,90.0,80.0,1+1,16-20 arası,7,7.0,Klima,1.0,1,1,Açık Otopark,0,0,0,0,0
262,Güzeloba Mh.,19000.0,60.0,50.0,1+1,26-30 arası,Bahçe Katı,1.0,Klima,1.0,1,0,Açık & Kapalı Otopark,0,1,3990,20000,0
263,Yenigün Mh.,12500.0,110.0,100.0,2+1,16-20 arası,1,4.0,Klima,1.0,1,0,Yok,0,0,0,24000,1
264,Konuksever Mah.,11000.0,60.0,50.0,Stüdyo (1+0),11-15 arası,Giriş Katı,5.0,Klima,1.0,0,1,Açık Otopark,1,0,0,0,0
265,Kızılarık Mh.,11995.0,90.0,75.0,2+1,4,Yüksek Giriş,4.0,Kombi (Doğalgaz),1.0,1,1,Açık Otopark,0,1,300,12000,0
266,Gençlik Mh.,60000.0,220.0,190.0,3+1,21-25 arası,2,13.0,Kombi (Doğalgaz),3.0,1,1,Açık & Kapalı Otopark,1,1,1600,120000,0
267,Haşimişcan Mh.,25000.0,100.0,90.0,3+1,31 ve üzeri,4,6.0,Klima,1.0,1,1,Yok,1,0,150,40000,0
268,Üçgen Mh.,15000.0,45.0,35.0,1+1,0,Giriş Katı,6.0,Kombi (Doğalgaz),1.0,0,1,Kapalı Otopark,0,0,0,15000,1
269,Güzeloluk Mh.,55000.0,200.0,185.0,4+1,5-10 arası,1,7.0,Kombi (Doğalgaz),2.0,1,1,Kapalı Otopark,0,1,0,0,0
270,Yüksekalan Mh.,15000.0,80.0,65.0,2+1,16-20 arası,2,2.0,Klima,1.0,1,0,Açık Otopark,1,0,100,16000,0
272,Deniz Mah.,18000.0,90.0,85.0,2+1,26-30 arası,Giriş Katı,4.0,Klima,1.0,1,0,Yok,1,0,70,18000,0
273,Gençlik Mh.,20000.0,150.0,140.0,3+1,31 ve üzeri,2,6.0,Klima,1.0,1,1,Açık Otopark,0,0,450,20000,0
274,Gençlik Mh.,40000.0,170.0,150.0,3+1,21-25 arası,1,6.0,Klima,1.0,1,1,Yok,0,1,0,40000,0
275,Deniz Mah.,35000.0,170.0,160.0,3+1,0,3,5.0,Kombi (Doğalgaz),2.0,1,1,Kapalı Otopark,0,1,1200,35000,0
276,Güzeloba Mh.,23000.0,165.0,150.0,3+1,21-25 arası,5,10.0,Klima,1.0,1,1,Açık Otopark,0,1,650,30000,0
277,Gençlik Mh.,22000.0,110.0,100.0,2+1,31 ve üzeri,1,5.0,Klima,1.0,1,1,Açık Otopark,1,0,0,44000,0
278,Kızılarık Mh.,15500.0,100.0,90.0,2+1,4,4,7.0,Klima,1.0,1,1,Kapalı Otopark,0,0,0,0,0
279,Dutlubahçe Mh.,16000.0,150.0,140.0,3+1,16-20 arası,2,4.0,Klima,1.0,1,0,Açık Otopark,0,0,100,16000,0
280,Güzeloba Mh.,40000.0,155.0,140.0,3+1,21-25 arası,4,11.0,Klima,1.0,1,1,Açık Otopark,0,0,250,0,0
281,Yeşilbahçe Mh.,30000.0,180.0,170.0,4+1,16-20 arası,1,10.0,Kombi (Doğalgaz),2.0,1,1,Açık Otopark,0,1,0,0,0
282,Güzeloba Mh.,15000.0,55.0,45.0,1+1,2,Yüksek Giriş,1.0,Klima,1.0,1,0,Açık Otopark,1,0,250,15000,0
283,Konuksever Mah.,17000.0,125.0,120.0,3+1,16-20 arası,5,10.0,Klima,1.0,1,1,Açık Otopark,0,1,50,17000,1
284,Çaybaşı Mh.,24000.0,170.0,140.0,3+1,21-25 arası,6,7.0,Klima,2.0,0,1,Açık Otopark,1,0,200,24000,1
285,Kızılarık Mh.,13999.0,90.0,85.0,2+1,4,2,4.0,Klima,2.0,1,1,Açık Otopark,1,0,0,14000,0
286,Güzeloba Mh.,30000.0,165.0,145.0,3+1,16-20 arası,6,8.0,Klima,2.0,1,1,Açık Otopark,1,1,800,30000,0
287,Meydankavağı Mh.,23000.0,130.0,120.0,3+1,11-15 arası,1,3.0,Kombi (Doğalgaz),1.0,1,0,Açık Otopark,0,0,0,0,0
289,Kızılarık Mh.,12000.0,130.0,120.0,2+1,11-15 arası,3,4.0,Klima,1.0,1,1,Açık Otopark,0,0,0,0,0
290,Yıldız Mh.,16000.0,110.0,100.0,2+1,21-25 arası,1,6.0,Klima,1.0,1,1,Açık Otopark,0,0,200,18000,0
291,Güzeloba Mh.,38500.0,65.0,55.0,2+1,1,Bahçe Katı,3.0,Klima,1.0,1,0,Açık Otopark,1,1,0,0,0
292,Güzeloba Mh.,22500.0,110.0,90.0,2+1,2,1,2.0,Kombi (Doğalgaz),2.0,1,0,Açık Otopark,1,0,0,45000,0
293,Güzeloba Mh.,19000.0,120.0,105.0,3+1,11-15 arası,2,2.0,Klima,1.0,1,0,Yok,0,0,200,19000,0
294,Dutlubahçe Mh.,18000.0,135.0,120.0,3+1,11-15 arası,1,3.0,Klima,1.0,1,1,Açık Otopark,0,0,0,0,1
295,Güzeloba Mh.,27000.0,100.0,85.0,2+1,11-15 arası,1,3.0,Kombi (Doğalgaz),1.0,1,0,Açık Otopark,1,1,0,50000,1
296,Meydankavağı Mh.,50000.0,230.0,178.0,4+1,5-10 arası,2,5.0,Merkezi (Pay Ölçer),2.0,1,1,Açık Otopark,1,1,3000,100000,0
297,Güzeloba Mh.,120000.0,300.0,240.0,4+1,16-20 arası,2,3.0,Kombi (Doğalgaz),2.0,1,0,Açık Otopark,1,1,950,0,0
298,Üçgen Mh.,11500.0,125.0,115.0,2+1,16-20 arası,Giriş Katı,4.0,Klima,2.0,1,0,Yok,0,0,100,11500,0
299,Bayındır Mh.,35000.0,135.0,120.0,3+1,11-15 arası,4,7.0,Klima,2.0,1,1,Açık Otopark,1,0,200,35000,0
301,Fener Mah.,55000.0,155.0,145.0,3+1,16-20 arası,8,8.0,Merkezi (Pay Ölçer),1.0,1,1,Açık Otopark,0,1,3500,55000,0
303,Güzeloba Mh.,17000.0,60.0,55.0,1+1,2,1,2.0,Klima,1.0,1,0,Açık Otopark,1,0,850,30000,0
304,Yeşildere Mh.,18500.0,120.0,110.0,2+1,1,3,4.0,Klima,1.0,1,1,Açık Otopark,1,0,100,19000,0
305,Şirinyalı Mh.,36000.0,165.0,150.0,3+1,16-20 arası,13,13.0,Kombi (Doğalgaz),2.0,1,1,Açık Otopark,1,0,1000,0,0
306,Kızılarık Mh.,12000.0,95.0,85.0,2+1,4,2,4.0,Yok,1.0,1,1,Açık Otopark,0,0,0,12000,0
307,Çağlayan Mh.,22000.0,160.0,150.0,3+1,11-15 arası,2,9.0,Klima,2.0,1,1,Açık Otopark,1,1,0,22000,0
308,Güzeloba Mh.,25000.0,130.0,125.0,3+1,4,3,5.0,Kombi (Doğalgaz),1.0,1,1,Açık Otopark,0,0,0,25000,0
309,Elmalı Mh.,22000.0,88.0,85.0,2+1,26-30 arası,3,4.0,Klima,1.0,1,1,Yok,0,0,100,21000,0
310,Çağlayan Mh.,30000.0,100.0,95.0,2+1,21-25 arası,9,12.0,Klima,1.0,1,1,Açık Otopark,1,1,500,0,0
311,Kışla Mh.,17800.0,50.0,45.0,1+1,3,1,4.0,Kombi (Doğalgaz),1.0,1,1,Yok,1,0,0,0,0
312,Dutlubahçe Mh.,12000.0,80.0,70.0,2+1,5-10 arası,Giriş Katı,4.0,Yok,1.0,1,0,Açık Otopark,0,0,0,0,0
313,Altındağ Mh.,20000.0,190.0,180.0,3+1,16-20 arası,2,5.0,Klima,1.0,1,1,Yok,1,0,0,0,0
314,Ermenek Mah.,45000.0,210.0,160.0,4+2,16-20 arası,2,2.0,Klima,3.0,1,0,Açık Otopark,0,0,0,45000,0
315,Gençlik Mh.,15000.0,130.0,120.0,3+1,31 ve üzeri,2,5.0,Klima,1.0,1,0,Yok,0,0,100,15000,0
316,Şirinyalı Mh.,25000.0,95.0,85.0,2+1,16-20 arası,9,12.0,Klima,1.0,1,1,Açık Otopark,1,1,400,25000,0
317,Ermenek Mah.,25000.0,100.0,95.0,2+1,1,1,3.0,Klima,2.0,1,0,Yok,1,0,0,0,0
318,Gençlik Mh.,70000.0,350.0,280.0,4+2,16-20 arası,5,5.0,Kombi (Doğalgaz),3.0,1,1,Açık Otopark,0,0,1100,70000,0
319,Meydankavağı Mh.,40000.0,220.0,200.0,3+1,5-10 arası,1,3.0,Kombi (Doğalgaz),2.0,1,1,Kapalı Otopark,0,1,1500,40000,0
320,Soğuksu Mh.,15000.0,110.0,100.0,2+1,11-15 arası,Giriş Katı,7.0,Yok,1.0,1,1,Açık Otopark,0,0,100,16000,0
321,Zerdalilik Mah.,20000.0,145.0,135.0,3+1,26-30 arası,2,4.0,Yok,1.0,1,0,Açık Otopark,0,0,100,20000,0
322,Güzeloba Mh.,25000.0,200.0,180.0,5+1,5-10 arası,2,3.0,Klima,2.0,1,0,Açık Otopark,0,0,0,0,0
323,Meydankavağı Mh.,25000.0,155.0,150.0,3+1,16-20 arası,3,9.0,Klima,1.0,1,1,Açık Otopark,0,1,750,25000,0
324,Sinan Mah.,15000.0,140.0,120.0,2+1,21-25 arası,2,4.0,Yok,1.0,1,0,Açık Otopark,0,0,250,30000,0
325,Yenigün Mh.,25000.0,180.0,160.0,6+1,16-20 arası,4,4.0,Klima,2.0,1,1,Açık Otopark,1,0,150,75000,1
326,Muratpaşa Mh.,15000.0,120.0,115.0,3+1,11-15 arası,2,7.0,Kombi (Doğalgaz),1.0,1,1,Açık Otopark,0,0,200,15000,0
327,Kışla Mh.,13000.0,75.0,70.0,1+1,5-10 arası,1,3.0,Klima,1.0,0,0,Yok,1,0,200,5000,1
328,Konuksever Mah.,15750.0,165.0,155.0,3+1,11-15 arası,1,3.0,Klima,1.0,1,1,Açık Otopark,0,0,150,15750,0
329,Bahçelievler Mh.,61000.0,330.0,280.0,4+1,11-15 arası,7,7.0,Kombi (Doğalgaz),2.0,1,1,Açık Otopark,0,0,500,0,0
332,Sedir Mah.,18000.0,95.0,90.0,2+1,11-15 arası,4,4.0,Klima,1.0,1,0,Açık Otopark,0,0,0,18000,0
333,Çağlayan Mh.,28000.0,110.0,100.0,2+1,11-15 arası,1,4.0,Klima,1.0,1,1,Açık Otopark,1,0,450,0,0
334,Güzeloba Mh.,31000.0,180.0,150.0,3+1,5-10 arası,Çatı Katı,2.0,Klima,2.0,1,0,Açık Otopark,0,0,0,0,0
335,Bahçelievler Mh.,19500.0,135.0,125.0,2+1,26-30 arası,1,4.0,Yok,1.0,1,0,Açık Otopark,0,0,0,19500,0
336,Meydankavağı Mh.,29250.0,196.0,174.0,3+1,11-15 arası,7,7.0,Klima,2.0,1,1,Açık Otopark,1,0,0,0,0
337,Kızılarık Mh.,18000.0,90.0,80.0,2+1,5-10 arası,1,4.0,Klima,1.0,1,1,Açık Otopark,0,0,0,18000,0
338,Güzeloba Mh.,30000.0,200.0,170.0,3+1,26-30 arası,2,2.0,Klima,1.0,1,0,Açık Otopark,0,1,1400,30000,0
339,Konuksever Mah.,15000.0,120.0,110.0,2+1,11-15 arası,1,3.0,Klima,1.0,1,0,Açık Otopark,0,0,150,15000,0
341,Çağlayan Mh.,25000.0,135.0,130.0,3+1,11-15 arası,2,4.0,Kombi (Doğalgaz),1.0,1,1,Açık Otopark,0,0,200,25000,0
342,Gebizli Mah.,20000.0,155.0,145.0,3+1,5-10 arası,4,4.0,Klima,1.0,1,1,Açık Otopark,0,0,200,40000,0
343,Şirinyalı Mh.,32000.0,120.0,110.0,2+1,5-10 arası,3,5.0,Kombi (Doğalgaz),2.0,1,1,Açık Otopark,1,0,500,70000,0
344,Gebizli Mah.,10500.0,50.0,40.0,1+1,21-25 arası,Yüksek Giriş,11.0,Klima,1.0,0,1,Açık Otopark,0,0,0,0,0
345,Çağlayan Mh.,20000.0,150.0,135.0,2+1,16-20 arası,Bahçe Katı,9.0,Kombi (Doğalgaz),1.0,1,1,Açık Otopark,1,1,1300,0,0
346,Kızıltoprak Mh.,20000.0,150.0,140.0,3+1,5-10 arası,2,4.0,Klima,1.0,1,1,Açık Otopark,0,0,0,19500,0
347,Sedir Mah.,14000.0,100.0,90.0,2+1,3,4,5.0,Klima,1.0,1,1,Açık Otopark,0,0,100,14000,1
348,Varlık Mh.,25000.0,107.0,102.0,3+1,3,3,6.0,Kombi (Doğalgaz),1.0,1,1,Açık Otopark,1,0,200,0,0
349,Şirinyalı Mh.,40000.0,180.0,170.0,3+1,11-15 arası,1,2.0,Kombi (Doğalgaz),1.0,1,0,Yok,0,0,200,0,0
350,Çaybaşı Mh.,22500.0,85.0,80.0,2+1,5-10 arası,3,5.0,Klima,1.0,0,1,Açık Otopark,1,0,0,0,0
352,Gençlik Mh.,14000.0,120.0,110.0,3+1,31 ve üzeri,4,4.0,Klima,1.0,1,0,Açık & Kapalı Otopark,0,0,0,0,1
353,Güzeloba Mh.,26000.0,90.0,82.0,2+1,5-10 arası,1,2.0,Klima,1.0,1,0,Açık Otopark,1,0,0,0,0
354,Meydankavağı Mh.,16000.0,120.0,110.0,2+1,16-20 arası,1,4.0,Klima,1.0,1,1,Yok,0,0,0,15000,0
355,Yeşilbahçe Mh.,15000.0,168.0,145.0,1+1,16-20 arası,6,6.0,Kombi (Doğalgaz),1.0,1,1,Açık Otopark,0,1,350,17000,0
356,Güzeloba Mh.,30000.0,95.0,85.0,2+1,11-15 arası,2,7.0,Kombi (Doğalgaz),1.0,1,1,Açık Otopark,1,0,800,0,0
357,Güzeloba Mh.,20000.0,95.0,85.0,2+1,5-10 arası,1,2.0,Yok,2.0,1,0,Yok,0,0,1000,20000,0
358,Bahçelievler Mh.,36000.0,200.0,180.0,3+1,16-20 arası,5,7.0,Kat Kaloriferi,1.0,1,1,Açık Otopark,1,0,600,40000,1
359,Çağlayan Mh.,35000.0,120.0,110.0,4+1,5-10 arası,Yüksek Giriş,2.0,Klima,1.0,1,0,Açık Otopark,1,0,0,0,0
360,Soğuksu Mh.,14000.0,115.0,110.0,2+1,21-25 arası,4,4.0,Fancoil Ünitesi,1.0,1,0,Açık Otopark,0,0,0,14000,0
361,Şirinyalı Mh.,30000.0,230.0,210.0,5+1,21-25 arası,12,13.0,Klima,2.0,1,1,Açık Otopark,0,1,0,0,0
363,Güzeloba Mh.,25000.0,100.0,90.0,2+1,21-25 arası,2,2.0,Klima,1.0,1,0,Açık Otopark,1,0,100,50000,0
364,Yenigün Mh.,16000.0,135.0,110.0,3+1,16-20 arası,3,3.0,Klima,1.0,1,0,Açık Otopark,0,0,0,0,0
365,Kışla Mh.,22000.0,200.0,180.0,3+1,31 ve üzeri,2,2.0,Klima,1.0,1,0,Yok,0,0,50,20000,0
366,Güzeloba Mh.,30000.0,170.0,150.0,3+1,11-15 arası,6,8.0,Klima,1.0,1,1,Açık & Kapalı Otopark,0,1,1000,32500,0
367,Yenigün Mh.,15500.0,145.0,140.0,3+1,11-15 arası,2,4.0,Klima,1.0,1,0,Açık Otopark,0,0,0,15500,0
368,Fener Mah.,30000.0,160.0,145.0,3+1,16-20 arası,3,10.0,Klima,1.0,1,1,Açık Otopark,0,0,1000,50000,0
369,Kızılsaray Mh.,14000.0,120.0,110.0,2+1,21-25 arası,4,6.0,Klima,1.0,1,1,Yok,0,0,0,14000,0
370,Bayındır Mh.,15000.0,145.0,130.0,3+1,21-25 arası,3,4.0,Yok,1.0,1,0,Açık Otopark,0,0,100,15000,0
371,Altındağ Mh.,12000.0,120.0,100.0,2+1,11-15 arası,Yüksek Giriş,4.0,Yok,1.0,1,1,Açık Otopark,0,0,100,12000,0
374,Deniz Mah.,23000.0,120.0,110.0,2+1,1,Giriş Katı,5.0,Klima,1.0,1,1,Açık Otopark,1,0,0,46000,0
376,Üçgen Mh.,12000.0,90.0,85.0,2+1,21-25 arası,1,3.0,Klima,1.0,1,0,Yok,1,0,50,15000,0
377,Gençlik Mh.,16000.0,140.0,120.0,3+1,31 ve üzeri,2,5.0,Soba,1.0,1,0,Yok,0,0,0,15000,0
378,Güzeloba Mh.,25000.0,50.0,45.0,1+1,1,1,3.0,Klima,1.0,1,1,Yok,1,0,0,25000,0
379,Etiler Mah.,13000.0,105.0,95.0,2+1,16-20 arası,3,3.0,Yok,1.0,1,0,Açık Otopark,0,0,0,13000,0
380,Bayındır Mh.,25000.0,150.0,145.0,3+1,16-20 arası,6,7.0,Klima,1.0,1,1,Açık Otopark,1,0,250,25000,0
381,Meydankavağı Mh.,26500.0,200.0,185.0,3+1,11-15 arası,6,9.0,Klima,2.0,1,1,Açık Otopark,0,0,0,0,0
382,Kızıltoprak Mh.,15000.0,95.0,80.0,2+1,5-10 arası,2,5.0,Klima,1.0,1,1,Açık Otopark,0,0,0,15000,0
383,Çağlayan Mh.,23000.0,250.0,240.0,5+1,11-15 arası,4,4.0,Klima,2.0,1,1,Açık Otopark,0,0,0,0,0
384,Fener Mah.,40000.0,165.0,145.0,3+1,16-20 arası,2,11.0,Kombi (Doğalgaz),1.0,1,1,Açık Otopark,1,1,0,0,0
386,Güzeloba Mh.,22500.0,55.0,50.0,1+1,5-10 arası,Giriş Katı,4.0,Klima,1.0,0,1,Kapalı Otopark,1,0,1950,22500,0
387,Kızılarık Mh.,12500.0,85.0,75.0,2+1,5-10 arası,Yüksek Giriş,4.0,Klima,1.0,0,1,Kapalı Otopark,0,1,200,12500,0
388,Fener Mah.,50000.0,150.0,130.0,3+1,5-10 arası,Bahçe Katı,8.0,Yerden Isıtma,2.0,1,1,Kapalı Otopark,0,1,2500,0,1
390,Deniz Mah.,25000.0,75.0,65.0,2+1,4,Giriş Katı,4.0,Kombi (Doğalgaz),1.0,1,1,Açık Otopark,1,0,150,50000,0
391,Şirinyalı Mh.,26000.0,120.0,100.0,3+1,21-25 arası,1,4.0,Klima,1.0,1,1,Açık Otopark,0,0,0,50000,0
393,Bayındır Mh.,18000.0,100.0,90.0,2+1,26-30 arası,4,5.0,Klima,1.0,1,0,Açık Otopark,1,0,50,18000,1
394,Konuksever Mah.,11000.0,90.0,85.0,2+1,11-15 arası,1,4.0,Yok,1.0,1,0,Açık Otopark,0,0,100,11000,0
395,Çağlayan Mh.,28000.0,120.0,110.0,2+1,5-10 arası,1,4.0,Klima,1.0,1,1,Açık Otopark,1,0,450,0,0
396,Güzeloba Mh.,18000.0,55.0,50.0,1+1,5-10 arası,Giriş Katı,2.0,Klima,1.0,1,1,Açık Otopark,0,0,1000,18000,0
397,Kızılarık Mh.,20000.0,140.0,120.0,3+1,5-10 arası,2,5.0,Kombi (Doğalgaz),1.0,1,1,Açık Otopark,0,0,250,20000,1
398,Fener Mah.,28000.0,170.0,160.0,3+1,21-25 arası,2,9.0,Klima,1.0,1,1,Açık Otopark,0,1,2300,30000,0
399,Kışla Mh.,14000.0,80.0,70.0,2+1,21-25 arası,1,3.0,Klima,1.0,1,0,Açık Otopark,0,0,0,0,0
400,Güvenlik Mh.,14250.0,65.0,60.0,1+1,5-10 arası,1,6.0,Kombi (Doğalgaz),1.0,0,0,Yok,1,0,0,0,0
401,Balbey Mah.,14500.0,65.0,55.0,1+1,21-25 arası,3,4.0,Klima,1.0,0,1,Yok,1,0,150,14500,0
403,Deniz Mah.,35000.0,170.0,160.0,3+1,0,3,5.0,Kombi (Doğalgaz),2.0,1,1,Kapalı Otopark,0,1,1200,35000,0
405,Güvenlik Mh.,12500.0,110.0,100.0,2+1,26-30 arası,2,3.0,Klima,1.0,1,0,Açık Otopark,0,0,100,12500,0
407,Şirinyalı Mh.,23000.0,165.0,160.0,3+1,11-15 arası,1,9.0,Yok,2.0,1,1,Açık Otopark,0,1,2000,23000,0
408,Deniz Mah.,25250.0,85.0,80.0,2+1,31 ve üzeri,2,6.0,Klima,1.0,1,1,Yok,1,0,0,0,0
409,Güzeloba Mh.,17000.0,120.0,100.0,2+1,11-15 arası,5,7.0,Klima,1.0,1,1,Açık Otopark,0,1,0,15000,0
410,Ermenek Mah.,17800.0,60.0,55.0,1+1,11-15 arası,Giriş Katı,4.0,Kombi (Doğalgaz),1.0,1,1,Yok,1,0,0,0,0
411,Güzeloba Mh.,15000.0,85.0,80.0,2+1,5-10 arası,1,2.0,Klima,1.0,1,0,Yok,0,0,100,15000,0
412,Güzeloba Mh.,22500.0,85.0,75.0,2+1,2,Zemin Kat,2.0,Kombi (Doğalgaz),1.0,1,0,Yok,0,0,700,30000,1
413,Muratpaşa Mh.,20000.0,135.0,115.0,3+1,5-10 arası,2,4.0,Klima,2.0,1,1,Açık Otopark,0,0,200,20000,0
414,Demircikara Mah.,16000.0,130.0,110.0,3+1,21-25 arası,1,4.0,Klima,1.0,1,0,Açık Otopark,0,0,100,17000,0
415,Güzeloba Mh.,25000.0,130.0,120.0,3+1,11-15 arası,3,5.0,Kombi (Doğalgaz),1.0,1,1,Açık Otopark,0,0,600,25000,0
416,Güvenlik Mh.,14000.0,125.0,110.0,2+1,16-20 arası,3,3.0,Yok,2.0,1,0,Yok,0,0,0,0,0
417,Haşimişcan Mh.,85250.0,105.0,100.0,2+1,21-25 arası,7,7.0,Klima,1.0,1,1,Açık Otopark,1,0,0,0,0
418,Kızıltoprak Mh.,19500.0,110.0,90.0,3+1,5-10 arası,Giriş Katı,4.0,Kombi (Doğalgaz),1.0,1,1,Açık Otopark,1,0,0,23000,0
419,Güzeloba Mh.,55000.0,110.0,100.0,2+1,0,Bahçe Katı,2.0,Yerden Isıtma,2.0,1,1,Kapalı Otopark,1,1,0,100000,0
420,Etiler Mah.,16000.0,75.0,70.0,2+1,0,4,4.0,Klima,1.0,1,1,Açık Otopark,0,0,0,16000,0
421,Bahçelievler Mh.,21000.0,110.0,90.0,2+1,5-10 arası,Yüksek Giriş,5.0,Klima,2.0,1,1,Kapalı Otopark,1,0,200,21000,0
422,Çağlayan Mh.,200000.0,150.0,130.0,2+1,5-10 arası,Bahçe Katı,3.0,Klima,3.0,1,0,Açık Otopark,1,0,0,38000,0
423,Güzeloba Mh.,25000.0,145.0,130.0,3+1,16-20 arası,6,9.0,Klima,1.0,1,1,Açık Otopark,0,0,400,25000,0
424,Güzelbağ Mh.,13000.0,180.0,160.0,4+1,11-15 arası,Giriş Katı,1.0,Güneş Enerjisi,2.0,1,0,Açık Otopark,0,0,0,0,0
425,Gebizli Mah.,12000.0,100.0,90.0,2+1,11-15 arası,5,5.0,Klima,1.0,1,1,Yok,0,0,50,12000,0
426,Çağlayan Mh.,200000.0,250.0,230.0,3+1,5-10 arası,2,3.0,Kombi (Doğalgaz),2.0,1,1,Kapalı Otopark,1,1,0,0,0
427,Güzeloba Mh.,22000.0,50.0,45.0,1+1,2,1,4.0,Klima,1.0,1,1,Kapalı Otopark,0,1,300,22000,0
428,Çağlayan Mh.,38000.0,200.0,180.0,3+1,11-15 arası,6,8.0,Kombi (Doğalgaz),2.0,1,1,Açık Otopark,1,1,300,60000,0
429,Bahçelievler Mh.,40000.0,240.0,220.0,4+1,1,4,4.0,Klima,3.0,1,1,Açık Otopark,1,0,0,50000,0
430,Güzeloba Mh.,17000.0,60.0,50.0,1+1,1,2,3.0,Klima,1.0,0,0,Yok,1,0,0,17000,0
431,Fener Mah.,75000.0,170.0,160.0,3+1,16-20 arası,9,10.0,Kombi (Doğalgaz),2.0,1,1,Açık Otopark,0,0,850,75000,0
432,Bayındır Mh.,25000.0,160.0,145.0,3+1,16-20 arası,5,6.0,Kombi (Doğalgaz),1.0,1,1,Açık Otopark,1,0,0,0,0
433,Üçgen Mh.,16000.0,145.0,135.0,3+1,21-25 arası,2,4.0,Klima,1.0,1,0,Yok,0,0,0,17000,0
434,Güzeloba Mh.,15000.0,55.0,48.0,1+1,4,1,2.0,Klima,1.0,0,0,Açık Otopark,1,0,0,500,0
435,Güzeloba Mh.,21000.0,145.0,130.0,3+1,5-10 arası,2,2.0,Klima,1.0,1,1,Yok,0,0,450,21000,0
436,Kızılarık Mh.,30000.0,280.0,250.0,6+1,5-10 arası,4,4.0,Klima,4.0,1,1,Açık Otopark,0,0,0,30000,0
437,Şirinyalı Mh.,33000.0,280.0,220.0,4+1,16-20 arası,10,10.0,Klima,3.0,1,1,Açık Otopark,1,0,0,0,0
438,Güzeloba Mh.,120000.0,200.0,170.0,4+1,16-20 arası,3,3.0,Kombi (Doğalgaz),2.0,1,0,Açık Otopark,1,1,700,0,0
439,Soğuksu Mh.,11000.0,65.0,50.0,1+1,26-30 arası,4,4.0,Klima,1.0,1,0,Açık Otopark,0,0,0,11000,0
440,Fener Mah.,25000.0,95.0,90.0,2+1,5-10 arası,6,10.0,Klima,1.0,1,1,Açık Otopark,1,0,500,25000,0
441,Tahılpazarı Mh.,20000.0,150.0,130.0,3+1,26-30 arası,4,4.0,Klima,1.0,1,1,Yok,0,0,0,20000,0
442,Güzeloba Mh.,16000.0,120.0,100.0,2+1,16-20 arası,2,2.0,Yok,1.0,1,0,Açık Otopark,0,0,0,17000,0
445,Konuksever Mah.,18000.0,110.0,100.0,2+1,5-10 arası,1,4.0,Yok,2.0,1,1,Açık Otopark,1,0,0,0,1
446,Güzeloba Mh.,15000.0,55.0,50.0,1+1,1,Bahçe Katı,3.0,Klima,1.0,1,1,Açık Otopark,0,1,950,15000,0
447,Çağlayan Mh.,28000.0,120.0,110.0,2+1,5-10 arası,4,7.0,Klima,1.0,1,1,Açık Otopark,1,1,1200,0,0
448,Altındağ Mh.,17250.0,125.0,115.0,2+1,21-25 arası,3,4.0,Klima,1.0,1,0,Yok,1,0,150,20000,0
449,Soğuksu Mh.,15000.0,80.0,75.0,1+1,31 ve üzeri,Giriş Katı,4.0,Kombi (Doğalgaz),1.0,1,0,Açık Otopark,1,0,100,15000,0
450,Yüksekalan Mh.,10750.0,40.0,35.0,1+1,5-10 arası,3,4.0,Klima,1.0,0,0,Yok,1,0,50,500,0
451,Güzelbağ Mh.,10750.0,80.0,75.0,2+0,11-15 arası,Çatı Katı,3.0,Klima,1.0,1,0,Yok,1,0,50,500,0
452,Yenigöl Mh.,12500.0,100.0,90.0,2+0,11-15 arası,2,4.0,Klima,1.0,1,0,Yok,1,0,50,500,0
453,Konuksever Mah.,12000.0,100.0,90.0,2+1,11-15 arası,4,4.0,Yok,1.0,1,0,Yok,0,0,0,12000,0
454,Dutlubahçe Mh.,18000.0,240.0,230.0,5+1,5-10 arası,3,3.0,Kombi (Doğalgaz),1.0,1,0,Açık Otopark,1,0,50,18000,0
455,Gebizli Mah.,15000.0,135.0,120.0,3+1,16-20 arası,6,11.0,Klima,1.0,1,1,Açık Otopark,0,1,500,25000,1
456,Güzeloba Mh.,24700.0,115.0,110.0,3+1,16-20 arası,4,7.0,Klima,2.0,1,1,Açık Otopark,1,1,0,0,0
457,Güzeloba Mh.,18000.0,65.0,60.0,1+1,5-10 arası,2,2.0,Klima,1.0,1,1,Açık Otopark,1,1,250,18000,0
458,Kızılarık Mh.,18000.0,100.0,90.0,2+1,3,4,4.0,Klima,1.0,1,1,Açık Otopark,1,0,0,0,0
459,Şirinyalı Mh.,53000.0,180.0,160.0,3+1,26-30 arası,8,8.0,Kombi (Doğalgaz),2.0,1,1,Açık Otopark,0,0,0,60000,0
460,Güzeloluk Mh.,25000.0,145.0,130.0,3+1,11-15 arası,4,4.0,Yok,3.0,1,1,Açık Otopark,0,0,750,25000,0
461,Yenigün Mh.,15000.0,140.0,135.0,3+1,11-15 arası,3,5.0,Klima,1.0,1,0,Açık Otopark,0,1,0,0,0
462,Sedir Mah.,12000.0,125.0,120.0,3+1,11-15 arası,5,5.0,Klima,2.0,1,1,Açık Otopark,0,0,0,12000,0
463,Bahçelievler Mh.,21700.0,125.0,120.0,3+1,26-30 arası,2,5.0,Klima,1.0,1,0,Açık Otopark,1,0,0,0,0
464,Güzeloba Mh.,15000.0,45.0,40.0,1+1,1,1,1.0,Klima,1.0,0,0,Açık Otopark,1,0,200,30000,0
465,Güzeloba Mh.,22500.0,80.0,70.0,2+1,11-15 arası,Bahçe Katı,6.0,Yok,1.0,1,1,Açık Otopark,0,1,900,22500,0
466,Fener Mah.,21000.0,80.0,70.0,2+1,11-15 arası,Giriş Katı,2.0,Klima,1.0,1,1,Yok,1,0,0,42000,0
467,Soğuksu Mh.,12500.0,130.0,120.0,3+1,21-25 arası,2,4.0,Yok,1.0,1,0,Açık Otopark,0,0,100,13500,0
468,Kızıltoprak Mh.,15000.0,85.0,80.0,2+1,5-10 arası,Yüksek Giriş,4.0,Klima,1.0,1,1,Açık Otopark,1,0,0,15000,0
469,Güzeloba Mh.,15000.0,85.0,65.0,1+1,11-15 arası,Bahçe Katı,3.0,Kombi (Doğalgaz),1.0,1,0,Açık Otopark,1,1,1000,20000,0
470,Fener Mah.,33000.0,110.0,105.0,2+1,5-10 arası,2,4.0,Kombi (Doğalgaz),1.0,1,1,Açık Otopark,1,0,2500,35000,0
471,Kızılarık Mh.,11000.0,80.0,75.0,2+1,11-15 arası,Yüksek Giriş,1.0,Klima,1.0,1,1,Açık Otopark,0,0,50,25000,1
472,Yüksekalan Mh.,16000.0,165.0,140.0,3+1,16-20 arası,6,7.0,Yok,1.0,1,1,Açık Otopark,0,0,0,16000,0
473,Güzeloba Mh.,18000.0,105.0,90.0,2+1,21-25 arası,Villa Tipi,2.0,Klima,1.0,1,0,Açık Otopark,1,1,0,0,1
475,Güzeloba Mh.,25000.0,140.0,125.0,3+1,16-20 arası,1,7.0,Klima,1.0,1,1,Açık Otopark,1,0,300,20000,0
476,Kızıltoprak Mh.,15000.0,80.0,70.0,2+1,16-20 arası,2,4.0,Klima,1.0,1,1,Açık Otopark,0,0,0,0,0
477,Haşimişcan Mh.,32000.0,100.0,85.0,2+1,21-25 arası,1,4.0,Klima,1.0,1,1,Açık Otopark,1,0,50,19000,1
478,Şirinyalı Mh.,30000.0,160.0,145.0,3+1,26-30 arası,2,2.0,Klima,1.0,1,0,Yok,1,1,0,0,0
479,Çağlayan Mh.,55000.0,120.0,110.0,2+1,5-10 arası,9,10.0,Yerden Isıtma,2.0,1,1,Açık & Kapalı Otopark,0,1,3000,55000,0
480,Gençlik Mh.,25000.0,145.0,135.0,4+1,26-30 arası,2,5.0,Klima,1.0,1,1,Açık Otopark,0,0,0,25000,0
481,Şirinyalı Mh.,25000.0,55.0,50.0,1+1,16-20 arası,2,2.0,Klima,1.0,1,0,Açık Otopark,1,0,0,10000,1
485,Güzeloba Mh.,38000.0,210.0,200.0,4+1,11-15 arası,1,9.0,Kombi (Doğalgaz),2.0,1,1,Açık Otopark,1,0,0,0,0
486,Şirinyalı Mh.,45000.0,160.0,155.0,2+1,16-20 arası,Bahçe Katı,12.0,Klima,2.0,1,1,Açık & Kapalı Otopark,0,1,2000,45000,0
487,Soğuksu Mh.,15000.0,150.0,130.0,3+1,26-30 arası,1,3.0,Klima,1.0,1,0,Yok,0,0,100,15000,0
488,Kızılarık Mh.,20000.0,110.0,100.0,3+1,11-15 arası,5,7.0,Klima,1.0,1,1,Açık Otopark,0,1,0,60000,0
489,Sinan Mah.,25000.0,100.0,90.0,2+1,5-10 arası,3,5.0,Klima,2.0,1,1,Açık Otopark,1,0,0,75000,0
491,Fener Mah.,22000.0,100.0,75.0,2+1,21-25 arası,1,4.0,Klima,1.0,1,0,Yok,1,0,0,22000,0
492,Meydankavağı Mh.,30000.0,180.0,170.0,3+1,16-20 arası,7,10.0,Klima,3.0,1,1,Açık Otopark,1,1,1000,30000,0
493,Yeşilbahçe Mh.,13500.0,60.0,48.0,1+1,11-15 arası,Giriş Katı,8.0,Klima,1.0,0,1,Açık & Kapalı Otopark,0,0,200,13500,0
494,Çağlayan Mh.,32500.0,160.0,150.0,3+1,11-15 arası,4,10.0,Kombi (Doğalgaz),1.0,1,1,Açık Otopark,1,1,0,0,0
495,Güzeloba Mh.,30000.0,90.0,85.0,2+1,11-15 arası,Yüksek Giriş,4.0,Klima,2.0,1,1,Açık Otopark,1,1,1000,35000,0
496,Sedir Mah.,12000.0,120.0,100.0,2+1,21-25 arası,2,4.0,Klima,1.0,1,0,Açık Otopark,0,0,100,14000,0
497,Kızılarık Mh.,16000.0,135.0,130.0,3+1,0,4,4.0,Klima,1.0,1,1,Kapalı Otopark,0,0,150,16000,0
498,Güzeloluk Mh.,30000.0,115.0,110.0,2+1,11-15 arası,2,7.0,Klima,2.0,1,1,Açık Otopark,0,1,0,0,0
499,Etiler Mah.,15000.0,140.0,135.0,1+1,16-20 arası,Yüksek Giriş,3.0,Yok,1.0,1,0,Açık Otopark,0,0,0,9500,0
500,Güzeloba Mh.,30000.0,100.0,95.0,2+1,3,1,2.0,Klima,2.0,1,0,Açık Otopark,1,1,1000,25000,0
501,Demircikara Mah.,17500.0,120.0,115.0,2+1,26-30 arası,3,3.0,Klima,1.0,1,0,Yok,0,0,50,35000,0
502,Güzeloba Mh.,27500.0,120.0,100.0,2+1,0,2,2.0,Yerden Isıtma,2.0,1,0,Açık Otopark,1,0,20,15000,0
503,Gebizli Mah.,17000.0,95.0,80.0,2+1,5-10 arası,Yüksek Giriş,4.0,Klima,1.0,1,1,Açık Otopark,1,0,0,17000,0
504,Bayındır Mh.,13000.0,75.0,65.0,1+1,5-10 arası,3,5.0,Klima,1.0,1,1,Açık Otopark,1,0,0,0,0
505,Muratpaşa Mh.,16000.0,95.0,90.0,2+1,11-15 arası,2,4.0,Klima,1.0,1,1,Açık Otopark,0,0,200,16000,0
506,Kızıltoprak Mh.,14500.0,90.0,78.0,2+1,11-15 arası,4,4.0,Klima,1.0,1,0,Açık Otopark,0,0,0,16000,0
507,Yeşildere Mh.,13000.0,135.0,125.0,3+1,11-15 arası,2,4.0,Klima,1.0,1,1,Açık Otopark,0,0,0,13000,0
508,Şirinyalı Mh.,19000.0,85.0,75.0,2+1,5-10 arası,1,5.0,Klima,2.0,1,1,Yok,0,0,1000,0,0
509,Bayındır Mh.,17000.0,150.0,140.0,3+1,16-20 arası,4,10.0,Klima,1.0,1,1,Açık Otopark,0,0,0,16000,0
510,Selçuk Mh.,15000.0,45.0,40.0,1+1,11-15 arası,5,5.0,Klima,1.0,1,0,Açık Otopark,1,0,100,15000,0
511,Yenigün Mh.,26000.0,140.0,130.0,3+1,2,4,4.0,Kombi (Elektrik),1.0,1,1,Açık Otopark,1,0,0,0,0
512,Yüksekalan Mh.,10750.0,50.0,40.0,1+1,5-10 arası,2,4.0,Klima,1.0,0,0,Yok,1,0,0,500,0
513,Yenigöl Mh.,10750.0,100.0,90.0,2+0,0,Giriş Katı,4.0,Klima,1.0,1,0,Yok,1,0,50,500,0
514,Zerdalilik Mah.,24000.0,190.0,175.0,3+1,31 ve üzeri,2,4.0,Klima,1.0,1,0,Açık Otopark,0,0,300,30000,0
515,Kızılarık Mh.,21000.0,150.0,140.0,3+1,4,3,4.0,Klima,1.0,1,1,Açık & Kapalı Otopark,1,0,200,21000,0
517,Altındağ Mh.,14000.0,95.0,90.0,1+1,3,Yüksek Giriş,5.0,Klima,1.0,1,1,Açık Otopark,0,0,0,0,0
518,Çağlayan Mh.,28000.0,95.0,90.0,2+1,11-15 arası,1,2.0,Klima,2.0,1,0,Yok,0,0,0,28000,0
519,Yeşilbahçe Mh.,30000.0,190.0,180.0,3+1,21-25 arası,5,9.0,Kombi (Doğalgaz),2.0,1,1,Açık Otopark,0,0,1100,30000,0
520,Konuksever Mah.,20000.0,100.0,90.0,2+1,5-10 arası,3,3.0,Klima,1.0,1,0,Açık Otopark,1,0,100,20000,0
521,Güzeloba Mh.,25000.0,85.0,80.0,2+1,5-10 arası,2,2.0,Klima,2.0,1,0,Açık Otopark,1,1,1200,50000,0
522,Sinan Mah.,13000.0,125.0,120.0,3+1,21-25 arası,3,5.0,Klima,1.0,1,0,Yok,0,0,0,14500,0
523,Kışla Mh.,14800.0,65.0,60.0,1+1,5-10 arası,2,4.0,Klima,1.0,0,1,Yok,1,0,0,0,0
525,Güzeloba Mh.,15000.0,45.0,40.0,1+1,1,Yüksek Giriş,1.0,Klima,1.0,1,0,Açık Otopark,1,0,200,30000,0
526,Güzeloba Mh.,20000.0,60.0,50.0,1+1,2,Bahçe Katı,3.0,Klima,1.0,1,1,Kapalı Otopark,1,1,0,0,0
527,Soğuksu Mh.,18900.0,60.0,50.0,1+1,4,3,6.0,Kombi (Doğalgaz),1.0,1,1,Yok,1,0,1,20000,1
528,Yüksekalan Mh.,14500.0,70.0,65.0,1+1,21-25 arası,3,7.0,Klima,1.0,0,1,Yok,1,0,100,30000,1
529,Gençlik Mh.,90000.0,250.0,220.0,4+1,11-15 arası,3,6.0,Yerden Isıtma,2.0,1,1,Kapalı Otopark,0,0,0,180000,0
530,Güzeloba Mh.,27500.0,105.0,100.0,2+1,5-10 arası,3,3.0,Klima,1.0,1,1,Kapalı Otopark,1,1,500,27500,0
531,Varlık Mh.,20500.0,130.0,120.0,3+1,26-30 arası,1,7.0,Klima,1.0,1,1,Yok,0,0,0,20500,1
532,Topçular Mh.,17000.0,55.0,50.0,1+1,0,5,8.0,Klima,1.0,1,1,Açık Otopark,1,0,1250,17000,0
533,Güzeloba Mh.,22000.0,110.0,100.0,2+1,21-25 arası,3,3.0,Klima,1.0,1,0,Yok,1,0,100,22000,0
534,Güzeloba Mh.,16000.0,65.0,60.0,1+1,5-10 arası,1,8.0,Klima,1.0,0,1,Açık Otopark,0,1,1000,16000,0
535,Kızılarık Mh.,18500.0,140.0,130.0,3+1,5-10 arası,2,4.0,Kombi (Doğalgaz),1.0,1,1,Açık Otopark,1,0,200,15000,0
536,Memurevleri Mah.,15000.0,150.0,140.0,3+1,26-30 arası,6,8.0,Yok,1.0,1,1,Yok,0,0,0,0,0
537,Güzeloba Mh.,20000.0,135.0,130.0,3+1,5-10 arası,1,2.0,Klima,1.0,1,0,Yok,0,0,150,20000,0
538,Meydankavağı Mh.,21500.0,130.0,105.0,3+1,16-20 arası,9,9.0,Klima,1.0,1,1,Açık Otopark,1,1,600,65000,0
539,Demircikara Mah.,12000.0,70.0,65.0,2+1,26-30 arası,Bahçe Katı,3.0,Yok,1.0,0,0,Yok,0,0,50,24000,0
541,Bahçelievler Mh.,40000.0,240.0,230.0,4+1,1,5,5.0,Klima,3.0,1,1,Açık Otopark,1,1,0,80000,1
542,Gençlik Mh.,20000.0,110.0,100.0,2+1,26-30 arası,3,4.0,Klima,1.0,1,1,Açık Otopark,0,0,0,20000,0
543,Gebizli Mah.,12000.0,90.0,85.0,2+1,5-10 arası,4,4.0,Klima,1.0,1,0,Yok,0,0,50,12000,0
544,Varlık Mh.,15000.0,120.0,110.0,2+1,21-25 arası,1,5.0,Klima,1.0,1,1,Açık Otopark,0,0,0,30000,0
545,Zerdalilik Mah.,30000.0,83.0,75.0,2+1,0,1,3.0,Kombi (Doğalgaz),2.0,1,1,Kapalı Otopark,1,0,0,0,0
546,Çağlayan Mh.,55000.0,165.0,150.0,3+1,5-10 arası,4,6.0,Kombi (Doğalgaz),2.0,1,1,Açık Otopark,1,1,0,110000,0
547,Gebizli Mah.,14000.0,100.0,90.0,2+1,5-10 arası,3,4.0,Klima,1.0,1,1,Açık Otopark,0,0,0,0,0
548,Kızılarık Mh.,16000.0,110.0,100.0,2+1,2,Yüksek Giriş,4.0,Klima,1.0,1,1,Açık Otopark,0,0,100,20000,0
549,Cumhuriyet Mah.,12000.0,140.0,130.0,3+1,21-25 arası,4,5.0,Yok,1.0,1,0,Açık Otopark,0,0,0,12000,0
550,Şirinyalı Mh.,26500.0,165.0,145.0,3+1,21-25 arası,2,4.0,Kombi (Doğalgaz),2.0,1,0,Açık Otopark,1,0,200,26500,0
551,Yeşilbahçe Mh.,20000.0,85.0,75.0,2+1,16-20 arası,Giriş Katı,8.0,Klima,1.0,1,1,Açık Otopark,1,1,0,0,0
552,Meydankavağı Mh.,14500.0,70.0,65.0,2+1,5-10 arası,Giriş Katı,4.0,Klima,1.0,1,1,Açık Otopark,0,0,0,0,0
553,Çağlayan Mh.,55000.0,100.0,90.0,2+1,0,2,3.0,Kombi (Doğalgaz),1.0,1,0,Açık Otopark,1,0,0,0,0
554,Yenigün Mh.,14500.0,145.0,125.0,3+1,21-25 arası,3,3.0,Klima,1.0,1,0,Açık Otopark,0,0,100,15000,0
555,Güzeloba Mh.,21000.0,90.0,80.0,2+1,5-10 arası,1,2.0,Klima,1.0,1,0,Açık Otopark,0,1,650,21000,0
556,Altındağ Mh.,11000.0,35.0,30.0,1+1,26-30 arası,Giriş Katı,4.0,Klima,1.0,0,0,Yok,0,0,0,22000,0
558,Güzeloba Mh.,72000.0,220.0,195.0,4+1,21-25 arası,7,7.0,Merkezi,3.0,1,1,Açık Otopark,1,1,0,0,0
559,Meltem Mah.,22000.0,140.0,130.0,3+1,21-25 arası,2,8.0,Klima,1.0,1,1,Açık Otopark,0,1,500,44000,0
560,Çağlayan Mh.,40000.0,395.0,370.0,5+2,11-15 arası,4,4.0,Kombi (Doğalgaz),4.0,1,1,Açık Otopark,1,0,75,100000,1
561,Meydankavağı Mh.,30000.0,180.0,160.0,3+1,11-15 arası,2,4.0,Klima,1.0,1,1,Açık Otopark,1,0,50,30000,0
562,Varlık Mh.,12000.0,45.0,40.0,1+1,11-15 arası,Zemin Kat,4.0,Klima,1.0,1,0,Açık Otopark,1,0,30,12000,0
563,Meydankavağı Mh.,19500.0,140.0,130.0,3+1,11-15 arası,2,4.0,Klima,2.0,1,0,Açık Otopark,1,0,0,0,0
565,Yenigün Mh.,25000.0,110.0,100.0,2+1,2,1,4.0,Klima,2.0,1,1,Kapalı Otopark,1,1,500,40000,0
566,Güzeloba Mh.,55000.0,115.0,100.0,2+1,5-10 arası,3,3.0,Kombi (Doğalgaz),2.0,1,1,Kapalı Otopark,1,1,0,0,0
567,Kırcami Mh.,25000.0,260.0,250.0,3+1,11-15 arası,5,10.0,Klima,1.0,1,1,Açık Otopark,1,0,0,25000,0
568,Meltem Mah.,15000.0,80.0,70.0,2+1,16-20 arası,10,15.0,Klima,1.0,1,1,Açık Otopark,0,1,0,0,0
569,Deniz Mah.,50000.0,180.0,170.0,3+1,5-10 arası,3,5.0,Kombi (Doğalgaz),3.0,1,1,Açık Otopark,1,0,500,80000,0
570,Bayındır Mh.,25000.0,160.0,150.0,3+1,16-20 arası,3,7.0,Klima,1.0,1,1,Açık Otopark,0,0,200,25000,0
571,Güzeloba Mh.,25000.0,100.0,75.0,2+1,5-10 arası,2,3.0,Klima,1.0,1,1,Kapalı Otopark,1,1,1100,80000,0
572,Şirinyalı Mh.,55000.0,175.0,150.0,3+1,16-20 arası,3,5.0,Yok,2.0,1,1,Açık Otopark,0,1,1000,100000,0
573,Çağlayan Mh.,20000.0,90.0,85.0,2+1,16-20 arası,9,13.0,Klima,1.0,1,1,Açık Otopark,1,1,1600,25000,0
574,Çağlayan Mh.,60000.0,196.0,190.0,3+1,11-15 arası,2,6.0,Kombi (Doğalgaz),2.0,1,1,Kapalı Otopark,0,0,0,60000,0
575,Güzeloba Mh.,20000.0,55.0,40.0,1+1,0,Yüksek Giriş,2.0,Kombi (Doğalgaz),1.0,1,1,Yok,1,0,0,20000,0
577,Altındağ Mh.,15000.0,120.0,115.0,3+1,26-30 arası,1,4.0,Klima,1.0,1,1,Açık Otopark,1,0,0,25000,1
579,Kızılarık Mh.,15000.0,70.0,60.0,2+1,16-20 arası,Yüksek Giriş,4.0,Klima,1.0,1,0,Açık Otopark,1,0,50,15000,0
581,Şirinyalı Mh.,30000.0,250.0,220.0,3+1,16-20 arası,Çatı Katı,2.0,Klima,2.0,1,0,Yok,0,0,0,60000,0
582,Kızıltoprak Mh.,27000.0,155.0,145.0,3+1,5-10 arası,1,5.0,Klima,2.0,1,1,Açık Otopark,1,0,0,23000,0
583,Çağlayan Mh.,25000.0,65.0,60.0,1+1,21-25 arası,2,2.0,Klima,1.0,0,0,Yok,0,0,75,25000,0
584,Gebizli Mah.,14000.0,75.0,70.0,2+1,5-10 arası,Yüksek Giriş,4.0,Klima,1.0,0,1,Açık Otopark,1,0,0,14000,0
585,Güzeloba Mh.,25000.0,150.0,130.0,4+1,3,1,3.0,Kombi (Doğalgaz),2.0,1,0,Yok,0,0,0,25000,0
586,Konuksever Mah.,11000.0,75.0,65.0,2+0,5-10 arası,Yüksek Giriş,3.0,Klima,1.0,1,0,Açık Otopark,0,0,0,11000,0
587,Sedir Mah.,12000.0,95.0,85.0,2+1,5-10 arası,Yüksek Giriş,5.0,Klima,1.0,0,1,Açık Otopark,0,0,0,11000,0
588,Çağlayan Mh.,30000.0,80.0,60.0,1+1,5-10 arası,1,2.0,Klima,1.0,1,0,Açık Otopark,0,0,0,0,0
589,Güzeloba Mh.,46000.0,165.0,145.0,3+1,16-20 arası,1,4.0,Kombi (Doğalgaz),1.0,1,1,Açık Otopark,1,0,100,0,1
590,Güzeloba Mh.,19000.0,100.0,90.0,2+1,16-20 arası,3,9.0,Klima,1.0,1,1,Açık Otopark,1,0,0,19000,0
591,Altındağ Mh.,12750.0,105.0,90.0,2+1,31 ve üzeri,2,5.0,Klima,1.0,1,0,Yok,0,0,0,0,0
592,Yüksekalan Mh.,20000.0,100.0,90.0,2+1,0,3,3.0,Klima,1.0,1,1,Açık & Kapalı Otopark,0,1,0,0,0
593,Çağlayan Mh.,20000.0,170.0,160.0,3+1,21-25 arası,1,4.0,Klima,1.0,1,0,Açık Otopark,0,0,150,22000,0
594,Bayındır Mh.,18000.0,145.0,130.0,3+1,21-25 arası,3,4.0,Klima,1.0,1,0,Açık Otopark,1,0,100,18000,0
595,Güzeloba Mh.,33000.0,115.0,105.0,2+1,5-10 arası,1,2.0,Klima,2.0,1,1,Kapalı Otopark,0,1,1500,33000,0
596,Üçgen Mh.,16000.0,120.0,100.0,3+1,26-30 arası,Giriş Katı,5.0,Klima,1.0,1,0,Yok,1,0,100,16000,0
597,Yeşilbahçe Mh.,42000.0,195.0,185.0,3.5+1,16-20 arası,5,10.0,Kombi (Doğalgaz),2.0,1,1,Açık & Kapalı Otopark,1,1,1100,85000,0
598,Güzeloba Mh.,29000.0,175.0,160.0,3+1,21-25 arası,6,12.0,Kombi (Doğalgaz),1.0,1,1,Açık & Kapalı Otopark,0,1,0,50000,0
599,Çağlayan Mh.,25000.0,175.0,160.0,3+1,16-20 arası,2,4.0,Klima,1.0,1,1,Açık Otopark,0,1,0,0,0
600,Güzeloba Mh.,32000.0,85.0,80.0,1+1,11-15 arası,3,9.0,Kat Kaloriferi,1.0,1,1,Açık Otopark,1,1,0,32000,0
602,Yeşilbahçe Mh.,25000.0,240.0,220.0,4+1,16-20 arası,4,4.0,Klima,3.0,1,1,Açık Otopark,0,0,0,25000,0
603,Konuksever Mah.,15000.0,80.0,70.0,2+1,0,2,5.0,Klima,1.0,1,1,Açık Otopark,0,0,200,15000,0
604,Bahçelievler Mh.,17500.0,50.0,45.0,1+1,21-25 arası,Giriş Katı,4.0,Klima,1.0,1,0,Açık Otopark,1,0,0,35000,0
605,Çağlayan Mh.,35000.0,200.0,180.0,3+1,26-30 arası,4,4.0,Klima,1.0,1,0,Yok,1,0,0,0,0
606,Yeşilbahçe Mh.,45000.0,175.0,165.0,3+1,26-30 arası,9,9.0,Merkezi,1.0,1,1,Açık Otopark,0,0,1250,50000,0
607,Çağlayan Mh.,55000.0,350.0,280.0,4+1,5-10 arası,2,2.0,Klima,2.0,1,0,Açık Otopark,1,0,0,0,0
608,Güzeloba Mh.,14500.0,80.0,70.0,2+1,21-25 arası,Giriş Katı,6.0,Klima,1.0,1,1,Açık Otopark,1,1,550,50000,0
609,Güzeloba Mh.,60000.0,115.0,100.0,2+1,1,2,6.0,Yerden Isıtma,2.0,1,1,Açık & Kapalı Otopark,1,1,3000,200000,1
610,Güzeloba Mh.,25000.0,160.0,150.0,3+1,11-15 arası,5,10.0,Kombi (Doğalgaz),1.0,1,1,Açık Otopark,0,0,250,25000,0
611,Yüksekalan Mh.,12000.0,100.0,95.0,2+1,11-15 arası,Yüksek Giriş,4.0,Yok,1.0,1,1,Açık Otopark,0,0,0,12000,0
612,Fener Mah.,28000.0,180.0,155.0,3+1,21-25 arası,12,12.0,Klima,1.0,1,1,Açık Otopark,0,0,500,30000,0
613,Güzeloba Mh.,12000.0,120.0,100.0,2+1,26-30 arası,1,1.0,Soba,1.0,1,0,Açık Otopark,0,0,0,11000,0
614,Fener Mah.,20000.0,125.0,100.0,2+1,11-15 arası,8,8.0,Klima,1.0,1,1,Açık Otopark,1,0,400,0,0
615,Cumhuriyet Mah.,17000.0,170.0,155.0,3+1,26-30 arası,1,4.0,Yok,1.0,1,1,Açık Otopark,0,0,0,17500,0
616,Güzeloba Mh.,17000.0,100.0,90.0,2+1,16-20 arası,3,9.0,Klima,1.0,1,1,Açık Otopark,0,0,0,17000,0
617,Çağlayan Mh.,60000.0,165.0,140.0,2+1,16-20 arası,6,10.0,Kombi (Doğalgaz),2.0,1,1,Açık Otopark,1,1,1500,120000,0
618,Güzeloba Mh.,29000.0,130.0,120.0,3+1,4,2,2.0,Klima,2.0,1,0,Açık Otopark,1,1,750,29000,0
619,Şirinyalı Mh.,27500.0,180.0,165.0,3+1,21-25 arası,3,8.0,Klima,1.0,1,1,Açık Otopark,0,0,150,30000,0
620,Sinan Mah.,26000.0,130.0,120.0,2+1,26-30 arası,5,6.0,Klima,1.0,1,1,Açık Otopark,1,0,0,0,0
621,Çağlayan Mh.,40000.0,115.0,105.0,2+1,4,2,5.0,Klima,2.0,1,1,Açık & Kapalı Otopark,1,1,1000,0,0
622,Fener Mah.,27500.0,150.0,135.0,3+1,5-10 arası,2,2.0,Klima,2.0,1,0,Yok,0,0,0,0,0
623,Yüksekalan Mh.,25000.0,150.0,145.0,4+1,11-15 arası,3,4.0,Klima,2.0,1,0,Yok,1,0,150,25000,0
624,Fener Mah.,25000.0,75.0,70.0,2+1,11-15 arası,Bahçe Katı,2.0,Klima,1.0,1,1,Açık Otopark,1,0,200,0,0
625,Şirinyalı Mh.,85000.0,220.0,200.0,3+1,11-15 arası,10,15.0,Merkezi,2.0,1,1,Kapalı Otopark,1,1,0,0,0
626,Meydankavağı Mh.,16000.0,140.0,125.0,3+1,21-25 arası,1,10.0,Yok,1.0,1,1,Açık Otopark,0,0,0,0,0
627,Yeşilbahçe Mh.,35000.0,175.0,160.0,3+1,16-20 arası,3,5.0,Klima,1.0,1,1,Açık Otopark,0,0,300,105000,0
628,Kızılarık Mh.,14000.0,90.0,80.0,2+1,3,4,7.0,Klima,1.0,1,1,Açık & Kapalı Otopark,0,1,500,14000,0
629,Yıldız Mh.,15000.0,135.0,125.0,3+1,16-20 arası,1,4.0,Klima,1.0,1,0,Yok,0,0,20,16000,0
630,Güzeloba Mh.,25000.0,110.0,100.0,2+1,11-15 arası,2,3.0,Klima,1.0,1,0,Açık Otopark,1,0,0,50000,0
631,Güzeloba Mh.,18000.0,50.0,47.0,1+1,5-10 arası,Yüksek Giriş,2.0,Klima,1.0,1,0,Açık Otopark,1,0,100,30000,0
632,Çağlayan Mh.,20000.0,105.0,100.0,2+1,5-10 arası,6,14.0,Kombi (Doğalgaz),1.0,1,1,Açık & Kapalı Otopark,0,0,0,1600,0
633,Sinan Mah.,20000.0,80.0,75.0,2+1,0,4,5.0,Klima,1.0,1,0,Açık Otopark,0,0,100,19000,0
634,Yeşilova Mh.,19000.0,65.0,55.0,1+1,4,8,10.0,Klima,1.0,1,1,Kapalı Otopark,1,1,2100,30000,0
635,Güzeloba Mh.,13000.0,75.0,70.0,2+1,11-15 arası,Yüksek Giriş,4.0,Kombi (Doğalgaz),1.0,1,0,Açık Otopark,0,0,0,0,0
636,Çağlayan Mh.,20000.0,75.0,70.0,1+1,4,Yüksek Giriş,4.0,Klima,1.0,1,1,Açık Otopark,1,0,0,20000,0
637,Kışla Mh.,13000.0,60.0,50.0,1+1,2,1,4.0,Klima,1.0,0,1,Açık Otopark,1,0,0,26000,0
638,Şirinyalı Mh.,70000.0,185.0,170.0,3+1,11-15 arası,15,15.0,Kombi (Doğalgaz),2.0,1,1,Açık & Kapalı Otopark,0,1,7000,100000,0
639,Bayındır Mh.,14000.0,50.0,40.0,1+1,5-10 arası,5,5.0,Yok,1.0,1,1,Açık Otopark,0,0,250,15000,0
640,Yeşildere Mh.,14500.0,120.0,110.0,2+1,4,Yüksek Giriş,4.0,Kombi (Doğalgaz),1.0,1,1,Açık Otopark,0,1,150,0,0
641,Sinan Mah.,20000.0,95.0,85.0,2+1,2,1,4.0,Klima,1.0,1,1,Kapalı Otopark,0,1,500,20000,0
642,Şirinyalı Mh.,40000.0,220.0,200.0,3+1,11-15 arası,Çatı Katı,2.0,Klima,2.0,1,0,Kapalı Otopark,0,1,0,70000,0
643,Çağlayan Mh.,30000.0,220.0,200.0,3+1,16-20 arası,5,8.0,Kombi (Doğalgaz),2.0,1,1,Açık Otopark,1,0,0,30000,0
644,Kızıltoprak Mh.,19000.0,85.0,75.0,2+1,0,2,3.0,Klima,1.0,1,1,Açık Otopark,0,0,0,0,0
645,Kızıltoprak Mh.,19500.0,150.0,140.0,3+1,5-10 arası,2,4.0,Klima,1.0,1,1,Açık Otopark,0,0,0,0,0
646,Varlık Mh.,10250.0,45.0,40.0,1+1,26-30 arası,Yüksek Giriş,5.0,Klima,1.0,0,0,Açık Otopark,1,0,50,10000,0
647,Güzeloba Mh.,20000.0,165.0,155.0,3+1,16-20 arası,9,11.0,Klima,2.0,1,1,Açık Otopark,1,1,75,20000,0
648,Fener Mah.,17000.0,75.0,65.0,1+1,11-15 arası,Bahçe Katı,2.0,Klima,1.0,1,0,Yok,1,0,0,18000,0
650,Muratpaşa Mh.,14000.0,90.0,75.0,2+1,31 ve üzeri,3,3.0,Klima,1.0,1,0,Yok,1,0,0,28000,0
651,Ermenek Mah.,19250.0,80.0,70.0,1+1,16-20 arası,1,1.0,Klima,1.0,1,0,Açık Otopark,1,0,0,19500,0
652,Varlık Mh.,20000.0,160.0,150.0,3+1,26-30 arası,6,7.0,Klima,2.0,1,1,Yok,0,0,0,20000,0
653,Güzeloba Mh.,19000.0,70.0,65.0,1+1,11-15 arası,Yüksek Giriş,6.0,Kombi (Doğalgaz),1.0,1,1,Açık Otopark,1,1,1000,19000,0
655,Muratpaşa Mh.,13000.0,140.0,130.0,3+1,21-25 arası,4,4.0,Klima,1.0,1,0,Açık Otopark,0,0,0,13000,0
657,Doğuyaka Mh.,11500.0,60.0,50.0,1+1,5-10 arası,Çatı Katı,5.0,Klima,1.0,1,1,Açık Otopark,1,0,250,11500,1
658,Zerdalilik Mah.,20000.0,180.0,160.0,5+2,31 ve üzeri,4,4.0,Klima,2.0,1,0,Yok,0,0,0,20000,0
660,Şirinyalı Mh.,50000.0,170.0,160.0,3+1,11-15 arası,10,12.0,Kombi (Doğalgaz),2.0,1,1,Açık Otopark,1,0,0,50000,0
661,Etiler Mah.,16000.0,110.0,100.0,2+1,21-25 arası,6,6.0,Klima,1.0,1,1,Yok,0,0,100,16000,0
662,Kızılsaray Mh.,27000.0,210.0,200.0,3+1,31 ve üzeri,5,5.0,Klima,1.0,1,1,Yok,1,0,0,2100,0
663,Güzeloba Mh.,35000.0,85.0,70.0,2+1,16-20 arası,9,12.0,Klima,1.0,1,1,Kapalı Otopark,1,1,900,35000,1
664,Memurevleri Mah.,13500.0,130.0,110.0,3+1,26-30 arası,3,4.0,Yok,1.0,1,0,Yok,0,0,0,13500,0
665,Muratpaşa Mh.,13000.0,140.0,130.0,3+1,21-25 arası,3,4.0,Yok,1.0,1,0,Açık Otopark,0,0,0,13000,0
666,Kızılarık Mh.,18000.0,140.0,135.0,3+1,11-15 arası,3,4.0,Kombi (Doğalgaz),2.0,1,0,Açık Otopark,1,0,0,18000,0
667,Çağlayan Mh.,22750.0,180.0,170.0,3+1,21-25 arası,1,7.0,Klima,2.0,1,1,Açık Otopark,0,1,0,25000,0
668,Varlık Mh.,22000.0,150.0,140.0,3+1,26-30 arası,1,7.0,Klima,1.0,1,1,Açık Otopark,0,0,0,25000,0
670,Yeşilbahçe Mh.,87500.0,220.0,200.0,3+1,11-15 arası,15,15.0,Kombi (Doğalgaz),2.0,1,1,Kapalı Otopark,1,1,4000,175000,0
671,Çağlayan Mh.,33000.0,180.0,150.0,3+1,11-15 arası,2,2.0,Klima,2.0,1,0,Yok,1,0,250,66000,0
672,Bayındır Mh.,13500.0,70.0,60.0,1+1,5-10 arası,5,5.0,Klima,1.0,1,1,Açık Otopark,1,0,0,0,0
673,Kışla Mh.,15800.0,65.0,60.0,1+1,5-10 arası,2,3.0,Klima,1.0,0,1,Yok,1,0,0,0,0
674,Bayındır Mh.,18000.0,115.0,105.0,3+1,16-20 arası,2,4.0,Klima,1.0,1,1,Açık Otopark,1,0,0,0,0
675,Güzeloba Mh.,18000.0,75.0,70.0,1+1,5-10 arası,Yüksek Giriş,3.0,Klima,1.0,1,0,Yok,1,0,0,36000,0
676,Yeşilbahçe Mh.,36000.0,180.0,170.0,3+1,31 ve üzeri,10,10.0,Merkezi,2.0,1,1,Açık Otopark,0,0,1500,36000,0
677,Güzeloba Mh.,33000.0,155.0,150.0,2+1,5-10 arası,2,2.0,Klima,2.0,1,0,Yok,1,0,200,33000,0
679,Güzeloba Mh.,18000.0,65.0,60.0,1+1,5-10 arası,Giriş Katı,2.0,Klima,1.0,1,0,Açık Otopark,1,1,250,18000,0
680,Sinan Mah.,15000.0,110.0,100.0,2+1,26-30 arası,Giriş Katı,4.0,Klima,1.0,1,0,Açık Otopark,1,0,0,0,0
681,Soğuksu Mh.,19000.0,55.0,45.0,1+1,4,2,6.0,Klima,1.0,1,1,Açık Otopark,1,0,0,0,0
682,Güzeloba Mh.,20000.0,140.0,100.0,3+1,16-20 arası,4,9.0,Kombi (Doğalgaz),2.0,1,1,Açık Otopark,0,1,200,20000,0
683,Yenigün Mh.,12800.0,70.0,60.0,1+1,5-10 arası,Giriş Katı,4.0,Klima,1.0,1,0,Açık Otopark,0,0,0,0,1
684,Güzeloba Mh.,17500.0,100.0,98.0,2+1,16-20 arası,2,4.0,Kombi (Doğalgaz),1.0,1,0,Yok,0,1,0,0,0
685,Yüksekalan Mh.,15000.0,115.0,100.0,2+1,5-10 arası,1,3.0,Klima,1.0,1,0,Açık Otopark,0,0,150,15000,0
686,Muratpaşa Mh.,12000.0,85.0,75.0,2+1,5-10 arası,3,4.0,Klima,1.0,1,1,Açık Otopark,0,0,0,0,0
687,Tahılpazarı Mh.,17000.0,70.0,55.0,1+1,16-20 arası,2,5.0,Klima,1.0,0,1,Yok,1,0,350,34000,1
688,Bahçelievler Mh.,30000.0,150.0,130.0,3+1,21-25 arası,6,7.0,Kombi (Doğalgaz),1.0,1,1,Açık Otopark,1,0,0,30000,0
689,Çağlayan Mh.,23500.0,180.0,170.0,3+1,21-25 arası,1,7.0,Klima,2.0,1,1,Açık Otopark,0,1,0,25000,0
690,Kızılsaray Mh.,25000.0,220.0,200.0,3+1,21-25 arası,6,6.0,Klima,1.0,1,1,Yok,1,0,100,25000,0
691,Güzeloba Mh.,18000.0,65.0,60.0,1+1,11-15 arası,1,2.0,Klima,1.0,0,0,Açık Otopark,1,1,0,18000,0
692,Konuksever Mah.,14000.0,110.0,90.0,2+1,5-10 arası,5,5.0,Yok,1.0,1,0,Yok,1,0,200,0,1
693,Memurevleri Mah.,13000.0,200.0,170.0,3+1,26-30 arası,4,4.0,Yok,1.0,1,0,Yok,0,0,200,13000,1
694,Güzeloba Mh.,17000.0,85.0,75.0,2+1,11-15 arası,Bahçe Katı,3.0,Klima,1.0,1,1,Açık Otopark,1,0,120,36000,0
695,Bahçelievler Mh.,20000.0,115.0,105.0,2+1,11-15 arası,3,7.0,Klima,1.0,1,1,Yok,1,0,400,20000,0
696,Muratpaşa Mh.,12000.0,90.0,70.0,2+1,16-20 arası,1,4.0,Klima,1.0,1,0,Açık Otopark,0,0,80,12000,0
697,Güzeloba Mh.,20000.0,55.0,50.0,1+1,0,Yüksek Giriş,2.0,Klima,1.0,1,1,Açık Otopark,1,0,0,20000,0
698,Yeşildere Mh.,12000.0,110.0,100.0,3+1,5-10 arası,3,4.0,Klima,1.0,1,0,Açık Otopark,0,1,500,12000,0
699,Gebizli Mah.,12000.0,85.0,75.0,2+1,5-10 arası,1,4.0,Klima,1.0,1,1,Açık Otopark,0,0,0,12000,0
700,Güzeloba Mh.,38500.0,65.0,55.0,2+1,2,Çatı Katı,3.0,Klima,2.0,1,0,Açık & Kapalı Otopark,1,1,0,0,0
701,Güvenlik Mh.,11000.0,60.0,50.0,1+1,21-25 arası,4,4.0,Klima,1.0,1,0,Açık Otopark,0,0,100,11000,0
702,Yıldız Mh.,14000.0,110.0,100.0,2+1,16-20 arası,2,3.0,Klima,1.0,1,0,Açık Otopark,1,0,0,14000,0
703,Fener Mah.,26000.0,190.0,180.0,3+1,11-15 arası,1,13.0,Kombi (Doğalgaz),2.0,1,1,Açık Otopark,1,0,0,0,0
704,Güzeloba Mh.,16000.0,110.0,95.0,2+1,11-15 arası,1,2.0,Klima,1.0,1,0,Yok,1,1,350,16000,0
705,Kızılarık Mh.,15000.0,110.0,100.0,2+1,3,2,4.0,Yok,1.0,1,1,Açık Otopark,0,0,0,15000,0
706,Sedir Mah.,15000.0,90.0,80.0,2+1,5-10 arası,4,5.0,Klima,1.0,1,1,Açık Otopark,0,0,0,15000,0
707,Çağlayan Mh.,28000.0,62.0,52.0,1+1,5-10 arası,2,3.0,Klima,1.0,0,0,Açık Otopark,1,0,0,0,0
708,Yıldız Mh.,13000.0,150.0,135.0,3+1,21-25 arası,4,5.0,Klima,1.0,1,0,Açık Otopark,0,0,0,13500,0
709,Konuksever Mah.,11000.0,135.0,125.0,3+1,31 ve üzeri,2,4.0,Klima,1.0,1,0,Açık Otopark,0,0,0,0,0
710,Çaybaşı Mh.,15500.0,60.0,55.0,1+1,5-10 arası,Bahçe Katı,5.0,Klima,1.0,1,1,Yok,1,0,0,28000,0
711,Bayındır Mh.,25000.0,150.0,145.0,3+1,16-20 arası,3,5.0,Klima,1.0,1,0,Açık Otopark,1,0,0,25000,0
712,Şirinyalı Mh.,35000.0,160.0,150.0,3+1,11-15 arası,2,5.0,Kat Kaloriferi,2.0,1,1,Açık Otopark,1,0,0,0,0
713,Konuksever Mah.,14000.0,140.0,130.0,3+1,16-20 arası,2,3.0,Klima,1.0,1,0,Açık Otopark,0,0,0,0,0
714,Meltem Mah.,27000.0,145.0,140.0,3+1,11-15 arası,4,8.0,Kombi (Doğalgaz),1.0,1,1,Açık Otopark,1,0,0,0,0
715,Güzeloba Mh.,15000.0,50.0,45.0,1+1,4,Bahçe Katı,2.0,Klima,1.0,1,0,Yok,1,1,2000,15000,0
716,Kızılarık Mh.,11500.0,90.0,80.0,2+1,5-10 arası,Yüksek Giriş,4.0,Kombi (Doğalgaz),1.0,1,1,Açık Otopark,0,1,0,0,0
717,Fener Mah.,15000.0,60.0,60.0,1+1,11-15 arası,Bahçe Katı,4.0,Klima,1.0,1,0,Yok,1,0,0,15000,0
718,Çağlayan Mh.,30000.0,180.0,160.0,3+1,16-20 arası,4,10.0,Kombi (Doğalgaz),1.0,1,1,Açık Otopark,0,1,1000,30000,0
719,Güzeloba Mh.,19000.0,85.0,80.0,2+1,16-20 arası,7,12.0,Klima,1.0,1,1,Açık Otopark,1,1,500,19000,0
721,Yeşildere Mh.,15000.0,140.0,130.0,2+1,5-10 arası,Yüksek Giriş,5.0,Merkezi,2.0,1,1,Açık Otopark,1,0,0,20000,0
722,Güzeloluk Mh.,35000.0,95.0,90.0,1+1,4,Bahçe Katı,4.0,Kombi (Doğalgaz),1.0,1,1,Açık & Kapalı Otopark,1,1,1500,100000,0
723,Güzeloba Mh.,19000.0,70.0,60.0,1+1,11-15 arası,Bahçe Katı,6.0,Kombi (Doğalgaz),1.0,1,1,Açık Otopark,1,1,1000,19000,0
724,Deniz Mah.,23000.0,105.0,85.0,2+1,5-10 arası,2,4.0,Klima,1.0,1,1,Kapalı Otopark,0,1,700,23000,0
725,Memurevleri Mah.,13000.0,95.0,90.0,2+1,11-15 arası,Bahçe Katı,5.0,Klima,1.0,1,0,Açık Otopark,1,0,0,12000,0
726,Kızılarık Mh.,11000.0,90.0,85.0,2+1,11-15 arası,Yüksek Giriş,4.0,Klima,1.0,1,1,Açık Otopark,0,0,100,11500,0
728,Altındağ Mh.,20000.0,135.0,125.0,3+1,16-20 arası,4,4.0,Kombi (Doğalgaz),1.0,1,0,Kapalı Otopark,1,0,30,0,1
730,Güzeloba Mh.,12000.0,85.0,40.0,Stüdyo (1+0),5-10 arası,2,3.0,Klima,1.0,1,0,Açık Otopark,1,0,0,0,0
731,Güzeloba Mh.,17500.0,50.0,45.0,1+1,5-10 arası,Yüksek Giriş,2.0,Klima,1.0,1,0,Yok,1,1,50,40000,0
732,Gençlik Mh.,25000.0,150.0,135.0,3+1,31 ve üzeri,3,4.0,Klima,1.0,1,0,Yok,0,0,0,0,0
733,Güzeloba Mh.,20000.0,45.0,40.0,1+1,2,1,3.0,Klima,1.0,1,1,Kapalı Otopark,1,1,0,0,0
734,Muratpaşa Mh.,20000.0,140.0,120.0,2+1,11-15 arası,1,4.0,Klima,2.0,1,0,Açık Otopark,0,0,60,25000,0
735,Kızılarık Mh.,12000.0,80.0,70.0,2+1,11-15 arası,Yüksek Giriş,3.0,Klima,1.0,1,1,Açık Otopark,0,0,0,12000,0
737,Gebizli Mah.,13000.0,100.0,95.0,3+1,5-10 arası,Yüksek Giriş,4.0,Kombi (Doğalgaz),1.0,1,1,Açık Otopark,0,0,0,15900,0
738,Çağlayan Mh.,40000.0,130.0,120.0,3+1,5-10 arası,1,5.0,Klima,2.0,1,1,Açık Otopark,1,0,300,80000,0
739,Üçgen Mh.,15000.0,140.0,130.0,3+1,21-25 arası,3,5.0,Güneş Enerjisi,1.0,1,0,Açık Otopark,0,0,50,15000,1
740,Fener Mah.,20000.0,90.0,85.0,2+1,5-10 arası,Giriş Katı,6.0,Klima,1.0,1,1,Açık Otopark,0,0,150,40000,1
741,Yeşilbahçe Mh.,87500.0,225.0,190.0,3+1,11-15 arası,15,15.0,Kombi (Doğalgaz),2.0,1,1,Kapalı Otopark,1,1,4000,0,0
743,Deniz Mah.,15000.0,70.0,60.0,1+1,31 ve üzeri,4,4.0,Klima,1.0,0,0,Yok,1,0,0,30000,0
744,Güzeloba Mh.,22000.0,55.0,45.0,1+1,5-10 arası,1,2.0,Klima,1.0,1,0,Açık Otopark,1,1,1750,0,0
745,Etiler Mah.,20000.0,100.0,90.0,2+1,11-15 arası,3,3.0,Klima,1.0,1,0,Açık Otopark,1,0,0,20000,0
746,Çağlayan Mh.,35500.0,160.0,145.0,3+1,16-20 arası,3,5.0,Kombi (Doğalgaz),1.0,1,1,Açık Otopark,1,0,0,45000,0
747,Yüksekalan Mh.,15000.0,45.0,40.0,1+1,0,Yüksek Giriş,4.0,Kombi (Doğalgaz),1.0,0,1,Açık & Kapalı Otopark,0,1,0,15000,0
748,Yenigün Mh.,17500.0,140.0,130.0,3+1,16-20 arası,2,8.0,Klima,1.0,1,1,Açık Otopark,0,1,250,36000,0
749,Güzelbağ Mh.,30000.0,110.0,100.0,2+1,5-10 arası,2,2.0,Klima,2.0,0,1,Yok,1,0,400,55000,0
750,Güzeloba Mh.,45000.0,120.0,110.0,2+1,5-10 arası,1,2.0,Klima,2.0,0,1,Kapalı Otopark,1,1,1800,60000,0
751,Meltem Mah.,22500.0,155.0,145.0,3+1,21-25 arası,8,15.0,Klima,2.0,1,1,Açık Otopark,1,1,500,22500,0
752,Şirinyalı Mh.,25000.0,165.0,160.0,3+1,11-15 arası,7,10.0,Yok,2.0,1,1,Açık Otopark,0,1,2000,25000,0
753,Gebizli Mah.,26000.0,110.0,100.0,2+1,4,2,5.0,Merkezi (Pay Ölçer),2.0,1,1,Kapalı Otopark,1,1,0,0,0
754,Şirinyalı Mh.,20000.0,175.0,165.0,3+1,26-30 arası,3,5.0,Yok,2.0,1,1,Açık Otopark,0,0,0,0,0
755,Gebizli Mah.,15000.0,115.0,100.0,2+1,5-10 arası,4,4.0,Klima,1.0,1,1,Açık Otopark,0,0,0,15000,0
756,Yenigün Mh.,15000.0,80.0,70.0,2+1,5-10 arası,Yüksek Giriş,3.0,Klima,1.0,1,1,Açık Otopark,1,0,0,15000,0
757,Çağlayan Mh.,30000.0,160.0,135.0,3+1,11-15 arası,4,10.0,Kombi (Doğalgaz),1.0,1,1,Açık Otopark,1,1,400,70000,0
758,Bayındır Mh.,18000.0,185.0,165.0,4+1,11-15 arası,8,8.0,Kombi (Doğalgaz),1.0,1,1,Açık & Kapalı Otopark,1,0,0,0,0
759,Güzeloba Mh.,20000.0,150.0,140.0,3+1,11-15 arası,8,11.0,Klima,1.0,1,1,Yok,0,0,150,20000,0
760,Güzeloba Mh.,40000.0,120.0,100.0,2+1,5-10 arası,2,3.0,Klima,2.0,1,1,Kapalı Otopark,1,1,1200,80000,0
762,Kışla Mh.,15800.0,55.0,50.0,1+1,5-10 arası,4,4.0,Klima,1.0,1,1,Yok,1,0,0,0,0
763,Meydankavağı Mh.,19000.0,150.0,140.0,3+1,16-20 arası,1,4.0,Yok,2.0,1,1,Açık Otopark,0,0,150,20000,0
764,Üçgen Mh.,25000.0,180.0,160.0,4+1,4,4,4.0,Klima,2.0,1,1,Açık Otopark,0,0,0,0,0
765,Kızılarık Mh.,14000.0,110.0,100.0,2+1,5-10 arası,2,4.0,Kombi (Doğalgaz),1.0,1,1,Açık Otopark,0,1,0,0,0
766,Çağlayan Mh.,30000.0,85.0,75.0,2+1,4,Giriş Katı,7.0,Kombi (Doğalgaz),1.0,1,1,Kapalı Otopark,1,0,1800,45000,0
767,Sinan Mah.,15000.0,125.0,110.0,3+1,31 ve üzeri,1,4.0,Klima,1.0,1,0,Açık Otopark,0,0,0,15000,0
769,Bahçelievler Mh.,25000.0,150.0,130.0,2+1,31 ve üzeri,5,5.0,Merkezi,1.0,1,1,Açık Otopark,0,0,1000,30000,0
770,Kışla Mh.,15500.0,95.0,85.0,2+1,11-15 arası,1,3.0,Klima,1.0,1,0,Açık Otopark,0,0,0,15500,0
771,Çağlayan Mh.,20000.0,70.0,65.0,1+1,3,1,3.0,Klima,1.0,1,1,Yok,1,0,0,20000,0
773,Güzeloba Mh.,15000.0,50.0,45.0,1+1,5-10 arası,Bahçe Katı,2.0,Klima,1.0,1,1,Açık Otopark,1,0,0,29000,0
774,Konuksever Mah.,15000.0,120.0,105.0,2+1,5-10 arası,1,3.0,Klima,2.0,1,0,Açık Otopark,0,0,0,15000,0
775,Kışla Mh.,13500.0,130.0,115.0,3+1,26-30 arası,5,5.0,Klima,2.0,1,0,Açık Otopark,0,0,50,14000,0
776,Güzeloba Mh.,22000.0,85.0,75.0,2+1,5-10 arası,Yüksek Giriş,4.0,Klima,1.0,1,1,Açık Otopark,1,1,400,22000,0
777,Çağlayan Mh.,23000.0,100.0,90.0,2+1,11-15 arası,1,2.0,Klima,1.0,1,0,Açık Otopark,0,0,250,23000,0
778,Muratpaşa Mh.,25000.0,55.0,52.0,1+1,0,2,4.0,Yerden Isıtma,1.0,1,1,Açık Otopark,1,0,300,20000,1
779,Güzeloba Mh.,30000.0,135.0,125.0,3+1,11-15 arası,3,3.0,Kombi (Doğalgaz),2.0,1,0,Açık Otopark,1,0,0,30000,0
781,Meydankavağı Mh.,40000.0,180.0,170.0,3+1,11-15 arası,2,3.0,Kombi (Doğalgaz),2.0,1,1,Kapalı Otopark,0,1,1250,80000,1
783,Çağlayan Mh.,14350.0,70.0,65.0,1+1,5-10 arası,2,4.0,Klima,1.0,1,1,Yok,1,0,0,16000,0
784,Çaybaşı Mh.,25000.0,140.0,125.0,2+1,16-20 arası,1,7.0,Klima,1.0,0,1,Yok,1,0,200,20000,1
786,Güzeloba Mh.,25000.0,130.0,120.0,3+1,5-10 arası,2,3.0,Klima,2.0,1,0,Açık Otopark,0,0,1000,25000,0
787,Kızılarık Mh.,14999.0,120.0,95.0,2+1,5-10 arası,2,6.0,Klima,1.0,1,1,Açık Otopark,0,1,200,15000,0
788,Zerdalilik Mah.,29995.0,95.0,85.0,2+1,2,Yüksek Giriş,4.0,Kombi (Doğalgaz),1.0,1,1,Kapalı Otopark,1,1,350,35000,0
789,Yeşilbahçe Mh.,27000.0,125.0,115.0,2+1,11-15 arası,3,5.0,Kombi (Doğalgaz),1.0,1,1,Açık Otopark,0,0,150,27000,0
790,Şirinyalı Mh.,25000.0,170.0,160.0,3+1,21-25 arası,6,10.0,Yok,1.0,1,1,Açık Otopark,0,1,0,0,0
791,Çağlayan Mh.,30000.0,120.0,110.0,2+1,16-20 arası,15,15.0,Klima,1.0,1,1,Açık Otopark,0,1,1600,60000,0
792,Şirinyalı Mh.,40000.0,90.0,80.0,2+1,21-25 arası,3,3.0,Klima,1.0,1,0,Açık Otopark,1,0,0,0,0
793,Bayındır Mh.,15000.0,145.0,130.0,3+1,26-30 arası,1,4.0,Yok,1.0,1,0,Açık Otopark,0,0,75,0,0
794,Yeşilbahçe Mh.,25000.0,150.0,140.0,3+1,31 ve üzeri,1,4.0,Klima,1.0,1,0,Açık Otopark,0,0,0,0,0
795,Kızıltoprak Mh.,20000.0,160.0,150.0,3+1,11-15 arası,2,5.0,Yok,1.0,1,1,Açık Otopark,0,1,0,20000,0
796,Güzeloba Mh.,20000.0,105.0,97.0,1+1,5-10 arası,2,2.0,Klima,1.0,1,0,Açık Otopark,1,0,0,40000,0
797,Üçgen Mh.,15000.0,140.0,135.0,3+1,26-30 arası,6,6.0,Klima,1.0,1,0,Yok,0,0,100,15000,0
798,Şirinyalı Mh.,23000.0,150.0,140.0,3+1,11-15 arası,2,5.0,Yok,2.0,1,1,Açık Otopark,0,1,575,23000,0
799,Güzeloba Mh.,14000.0,45.0,40.0,1+1,26-30 arası,Giriş Katı,7.0,Klima,1.0,0,1,Açık Otopark,1,1,500,15000,0
800,Sinan Mah.,15000.0,120.0,100.0,3+1,26-30 arası,3,4.0,Klima,2.0,1,0,Yok,0,0,100,15000,0
801,Çağlayan Mh.,45000.0,200.0,180.0,4+1,11-15 arası,9,15.0,Kombi (Doğalgaz),3.0,1,1,Açık Otopark,1,1,0,45000,0
803,Kızılarık Mh.,13500.0,65.0,55.0,1+1,0,2,4.0,Klima,1.0,1,1,Açık Otopark,0,0,0,15000,0
807,Kışla Mh.,25000.0,150.0,135.0,3+1,3,5,6.0,Kombi (Doğalgaz),2.0,1,1,Kapalı Otopark,0,0,500,50000,0
808,Altındağ Mh.,21750.0,180.0,155.0,3+1,21-25 arası,2,7.0,Klima,1.0,1,1,Açık Otopark,1,0,0,30000,0
809,Meydankavağı Mh.,29500.0,180.0,160.0,3+1,21-25 arası,3,8.0,Kombi (Doğalgaz),2.0,1,1,Açık Otopark,0,0,500,33000,0
810,Varlık Mh.,26750.0,150.0,130.0,2+1,2,6,6.0,Kombi (Doğalgaz),2.0,1,1,Açık Otopark,1,0,0,30000,0
811,Güzeloba Mh.,25000.0,90.0,80.0,2+1,4,2,2.0,Klima,1.0,1,0,Açık Otopark,1,0,0,0,0
812,Fener Mah.,25000.0,65.0,55.0,1+1,4,1,3.0,Klima,1.0,0,1,Açık Otopark,1,0,0,25000,0
813,Tahılpazarı Mh.,11000.0,110.0,95.0,2+1,26-30 arası,5,5.0,Klima,1.0,1,0,Açık Otopark,0,0,100,11000,0
814,Kızılarık Mh.,17800.0,125.0,112.0,2+1,4,1,5.0,Klima,2.0,1,1,Açık Otopark,1,1,1100,35000,0
815,Güzeloba Mh.,13000.0,60.0,50.0,1+1,11-15 arası,Bahçe Katı,2.0,Klima,1.0,1,0,Açık Otopark,1,1,0,0,0
816,Meydankavağı Mh.,22000.0,220.0,180.0,4+1,11-15 arası,4,5.0,Yok,2.0,1,1,Açık Otopark,0,0,150,22000,0
818,Güzeloba Mh.,25000.0,115.0,105.0,2+1,11-15 arası,Yüksek Giriş,2.0,Klima,1.0,1,0,Açık Otopark,1,0,200,25000,0
819,Fener Mah.,20000.0,90.0,80.0,2+1,21-25 arası,Zemin Kat,15.0,Klima,1.0,1,1,Kapalı Otopark,0,1,1250,40000,0
820,Yenigün Mh.,13000.0,110.0,100.0,2+1,11-15 arası,4,4.0,Klima,1.0,1,0,Açık Otopark,0,0,50,13000,0
821,Çağlayan Mh.,30000.0,150.0,140.0,3+1,16-20 arası,1,8.0,Kombi (Doğalgaz),1.0,1,1,Kapalı Otopark,1,1,0,0,0
822,Yenigün Mh.,16000.0,115.0,110.0,2+1,11-15 arası,2,5.0,Klima,1.0,1,1,Açık Otopark,0,0,150,16000,0
823,Güzeloba Mh.,16000.0,120.0,110.0,2+1,16-20 arası,2,3.0,Klima,1.0,1,1,Açık Otopark,0,0,250,16000,0
825,Soğuksu Mh.,25000.0,170.0,160.0,3+1,11-15 arası,11,17.0,Kombi (Doğalgaz),1.0,1,1,Açık & Kapalı Otopark,1,0,0,25000,0
826,Şirinyalı Mh.,30000.0,220.0,200.0,5+1,11-15 arası,12,13.0,Klima,2.0,1,1,Açık Otopark,0,0,0,30000,0
827,Muratpaşa Mh.,20000.0,70.0,65.0,2+1,5-10 arası,Çatı Katı,5.0,Kombi (Doğalgaz),1.0,1,1,Açık Otopark,1,0,500,20000,1
828,Güzeloba Mh.,17500.0,100.0,80.0,2+1,16-20 arası,1,4.0,Klima,2.0,1,0,Yok,1,0,300,25000,0
